state,district,date,age_0_5,age_5_17,age_18_greater
Bihar,Araria,2025-06-01,850,787,39
Bihar,Araria,2025-06-09,115,74,3
Bihar,Araria,2025-06-10,106,92,2
Bihar,Araria,2025-06-11,54,42,4
Bihar,Araria,2025-06-12,76,58,2
Bihar,Araria,2025-06-13,87,51,6
Bihar,Araria,2025-06-14,56,34,6
Bihar,Araria,2025-06-15,20,25,2
Bihar,Araria,2025-06-16,117,92,6
Bihar,Araria,2025-06-17,136,137,9
Bihar,Araria,2025-06-18,100,81,1
Bihar,Araria,2025-06-19,134,111,3
Bihar,Araria,2025-07-01,166,108,14
Bihar,Araria,2025-09-01,158,90,1
Bihar,Araria,2025-09-02,137,112,1
Bihar,Araria,2025-09-03,103,91,1
Bihar,Araria,2025-09-04,104,67,0
Bihar,Araria,2025-09-05,39,14,1
Bihar,Araria,2025-09-06,164,67,0
Bihar,Araria,2025-09-07,20,14,0
Bihar,Araria,2025-09-08,147,68,0
Bihar,Araria,2025-09-09,127,66,0
Bihar,Araria,2025-09-10,145,74,0
Bihar,Araria,2025-09-11,153,63,1
Bihar,Araria,2025-09-12,133,73,0
Bihar,Araria,2025-09-13,76,52,2
Bihar,Araria,2025-09-14,9,6,0
Bihar,Araria,2025-09-15,71,37,0
Bihar,Araria,2025-09-16,65,46,0
Bihar,Araria,2025-09-17,76,33,0
Bihar,Araria,2025-09-18,95,44,1
Bihar,Araria,2025-09-19,138,45,1
Bihar,Araria,2025-09-20,109,43,0
Bihar,Araria,2025-09-21,6,2,1
Bihar,Araria,2025-09-22,112,38,0
Bihar,Araria,2025-09-23,114,62,2
Bihar,Araria,2025-09-24,155,70,0
Bihar,Araria,2025-09-25,141,58,1
Bihar,Araria,2025-09-26,117,42,0
Bihar,Araria,2025-09-27,43,14,0
Bihar,Araria,2025-09-28,1,0,0
Bihar,Araria,2025-09-29,12,4,3
Bihar,Araria,2025-09-30,0,3,1
Bihar,Araria,2025-10-13,266,125,2
Bihar,Araria,2025-10-15,212,90,8
Bihar,Araria,2025-10-16,149,78,1
Bihar,Araria,2025-10-17,541,218,3
Bihar,Araria,2025-10-18,253,129,2
Bihar,Araria,2025-10-19,327,101,1
Bihar,Araria,2025-10-20,91,65,0
Bihar,Araria,2025-10-21,26,28,0
Bihar,Araria,2025-10-22,2,0,0
Bihar,Araria,2025-10-23,2,0,1
Bihar,Araria,2025-10-24,167,92,0
Bihar,Araria,2025-10-25,192,94,1
Bihar,Araria,2025-10-26,67,58,0
Bihar,Araria,2025-10-27,49,58,1
Bihar,Araria,2025-10-28,74,40,0
Bihar,Araria,2025-10-29,79,31,0
Bihar,Araria,2025-10-30,170,83,2
Bihar,Araria,2025-10-31,114,72,4
Bihar,Araria,2025-11-01,12,17,0
Bihar,Araria,2025-11-02,135,88,0
Bihar,Araria,2025-11-03,48,29,1
Bihar,Araria,2025-11-04,0,1,0
Bihar,Araria,2025-11-05,258,154,0
Bihar,Araria,2025-11-06,95,63,1
Bihar,Araria,2025-11-07,81,42,0
Bihar,Araria,2025-11-08,90,85,1
Bihar,Araria,2025-11-09,109,42,2
Bihar,Araria,2025-11-10,145,80,2
Bihar,Araria,2025-11-11,49,44,0
Bihar,Araria,2025-11-12,30,30,1
Bihar,Araria,2025-11-13,11,26,1
Bihar,Araria,2025-11-14,19,17,1
Bihar,Araria,2025-11-15,184,100,0
Bihar,Araria,2025-11-16,31,30,0
Bihar,Araria,2025-11-17,32,19,1
Bihar,Araria,2025-11-18,102,42,1
Bihar,Araria,2025-11-19,179,65,0
Bihar,Araria,2025-11-25,63,33,1
Bihar,Araria,2025-12-15,367,228,1
Bihar,Araria,2025-12-21,116,1,0
Bihar,Araria,2025-12-22,408,11,0
Bihar,Araria,2025-12-23,124,2,0
Bihar,Araria,2025-12-24,80,42,3
Bihar,Araria,2025-12-25,53,100,0
Bihar,Araria,2025-12-26,89,57,0
Bihar,Araria,2025-12-27,105,62,0
Bihar,Araria,2025-12-28,135,69,0
Bihar,Araria,2025-12-29,108,57,0
Bihar,Araria,2025-12-31,192,275,19
Bihar,Araria,2026-01-01,292,208,3
Bihar,Araria,2026-01-02,179,105,4
Bihar,Araria,2026-01-03,14,29,2
Bihar,Arwal,2025-05-01,43,156,10
Bihar,Arwal,2025-06-09,9,70,1
Bihar,Arwal,2025-06-10,2,62,0
Bihar,Arwal,2025-06-11,10,13,0
Bihar,Arwal,2025-06-12,3,38,2
Bihar,Arwal,2025-06-13,8,33,0
Bihar,Arwal,2025-06-14,4,18,1
Bihar,Arwal,2025-06-15,0,5,0
Bihar,Arwal,2025-06-16,12,50,0
Bihar,Arwal,2025-06-17,9,37,1
Bihar,Arwal,2025-06-18,3,28,0
Bihar,Arwal,2025-06-19,6,62,0
Bihar,Arwal,2025-07-01,60,432,13
Bihar,Arwal,2025-09-01,4,60,0
Bihar,Arwal,2025-09-02,6,45,0
Bihar,Arwal,2025-09-03,4,35,0
Bihar,Arwal,2025-09-04,11,47,0
Bihar,Arwal,2025-09-05,4,16,0
Bihar,Arwal,2025-09-06,8,45,0
Bihar,Arwal,2025-09-07,1,2,0
Bihar,Arwal,2025-09-08,13,52,0
Bihar,Arwal,2025-09-09,16,72,0
Bihar,Arwal,2025-09-10,15,49,0
Bihar,Arwal,2025-09-11,14,39,0
Bihar,Arwal,2025-09-12,17,51,0
Bihar,Arwal,2025-09-13,5,15,0
Bihar,Arwal,2025-09-14,1,1,0
Bihar,Arwal,2025-09-15,10,26,0
Bihar,Arwal,2025-09-16,13,17,0
Bihar,Arwal,2025-09-17,3,13,0
Bihar,Arwal,2025-09-18,2,24,0
Bihar,Arwal,2025-09-19,9,39,0
Bihar,Arwal,2025-09-20,10,26,0
Bihar,Arwal,2025-09-21,2,7,0
Bihar,Arwal,2025-09-22,13,46,0
Bihar,Arwal,2025-09-23,3,46,0
Bihar,Arwal,2025-09-24,9,27,0
Bihar,Arwal,2025-09-25,9,34,0
Bihar,Arwal,2025-09-26,7,18,0
Bihar,Arwal,2025-09-27,5,9,0
Bihar,Arwal,2025-09-28,1,1,0
Bihar,Arwal,2025-09-29,0,4,0
Bihar,Arwal,2025-10-13,21,72,1
Bihar,Arwal,2025-10-15,15,44,3
Bihar,Arwal,2025-10-16,7,37,1
Bihar,Arwal,2025-10-17,38,90,0
Bihar,Arwal,2025-10-18,12,45,0
Bihar,Arwal,2025-10-19,14,42,1
Bihar,Arwal,2025-10-20,5,13,0
Bihar,Arwal,2025-10-21,1,4,0
Bihar,Arwal,2025-10-23,0,0,1
Bihar,Arwal,2025-10-24,7,27,0
Bihar,Arwal,2025-10-25,12,42,0
Bihar,Arwal,2025-10-26,5,32,0
Bihar,Arwal,2025-10-27,3,20,0
Bihar,Arwal,2025-10-28,12,27,0
Bihar,Arwal,2025-10-29,4,6,1
Bihar,Arwal,2025-10-30,10,24,0
Bihar,Arwal,2025-10-31,11,36,0
Bihar,Arwal,2025-11-01,2,9,0
Bihar,Arwal,2025-11-02,12,64,0
Bihar,Arwal,2025-11-03,4,17,0
Bihar,Arwal,2025-11-04,1,0,0
Bihar,Arwal,2025-11-05,17,84,0
Bihar,Arwal,2025-11-06,8,33,0
Bihar,Arwal,2025-11-07,11,25,0
Bihar,Arwal,2025-11-08,21,48,0
Bihar,Arwal,2025-11-09,10,33,0
Bihar,Arwal,2025-11-10,16,40,0
Bihar,Arwal,2025-11-11,3,27,0
Bihar,Arwal,2025-11-12,3,13,0
Bihar,Arwal,2025-11-13,2,6,0
Bihar,Arwal,2025-11-14,0,13,0
Bihar,Arwal,2025-11-15,18,38,0
Bihar,Arwal,2025-11-16,6,19,0
Bihar,Arwal,2025-11-17,2,7,0
Bihar,Arwal,2025-11-18,14,29,0
Bihar,Arwal,2025-11-19,12,55,0
Bihar,Arwal,2025-11-25,15,30,0
Bihar,Arwal,2025-12-15,35,89,0
Bihar,Arwal,2025-12-21,11,0,0
Bihar,Arwal,2025-12-22,35,1,0
Bihar,Arwal,2025-12-23,11,0,0
Bihar,Arwal,2025-12-24,7,37,0
Bihar,Arwal,2025-12-25,4,65,1
Bihar,Arwal,2025-12-26,11,37,0
Bihar,Arwal,2025-12-27,7,35,0
Bihar,Arwal,2025-12-28,4,40,0
Bihar,Arwal,2025-12-29,4,28,0
Bihar,Arwal,2025-12-31,17,151,1
Bihar,Arwal,2026-01-01,13,87,1
Bihar,Arwal,2026-01-02,17,58,0
Bihar,Arwal,2026-01-03,1,31,0
Bihar,Aurangabad,2025-06-09,40,214,1
Bihar,Aurangabad,2025-06-10,37,214,1
Bihar,Aurangabad,2025-06-11,37,103,1
Bihar,Aurangabad,2025-06-12,35,146,2
Bihar,Aurangabad,2025-06-13,32,121,3
Bihar,Aurangabad,2025-06-14,28,90,1
Bihar,Aurangabad,2025-06-15,5,8,0
Bihar,Aurangabad,2025-06-16,35,143,3
Bihar,Aurangabad,2025-06-17,51,263,1
Bihar,Aurangabad,2025-06-18,30,172,0
Bihar,Aurangabad,2025-06-19,27,159,5
Bihar,Aurangabad,2025-09-01,45,177,0
Bihar,Aurangabad,2025-09-02,53,170,1
Bihar,Aurangabad,2025-09-03,42,118,1
Bihar,Aurangabad,2025-09-04,21,102,0
Bihar,Aurangabad,2025-09-05,21,50,0
Bihar,Aurangabad,2025-09-06,44,103,1
Bihar,Aurangabad,2025-09-07,8,8,0
Bihar,Aurangabad,2025-09-08,54,99,0
Bihar,Aurangabad,2025-09-09,39,112,0
Bihar,Aurangabad,2025-09-10,43,101,1
Bihar,Aurangabad,2025-09-11,53,118,0
Bihar,Aurangabad,2025-09-12,43,85,0
Bihar,Aurangabad,2025-09-13,19,49,1
Bihar,Aurangabad,2025-09-14,5,5,0
Bihar,Aurangabad,2025-09-15,31,71,0
Bihar,Aurangabad,2025-09-16,42,83,1
Bihar,Aurangabad,2025-09-17,20,33,0
Bihar,Aurangabad,2025-09-18,45,98,0
Bihar,Aurangabad,2025-09-19,34,98,0
Bihar,Aurangabad,2025-09-20,29,86,0
Bihar,Aurangabad,2025-09-21,1,3,0
Bihar,Aurangabad,2025-09-22,21,81,0
Bihar,Aurangabad,2025-09-23,41,108,0
Bihar,Aurangabad,2025-09-24,51,98,1
Bihar,Aurangabad,2025-09-25,38,93,1
Bihar,Aurangabad,2025-09-26,20,52,0
Bihar,Aurangabad,2025-09-27,16,16,0
Bihar,Aurangabad,2025-09-28,1,0,0
Bihar,Aurangabad,2025-09-29,5,11,0
Bihar,Aurangabad,2025-09-30,0,4,0
Bihar,Aurangabad,2025-10-13,85,217,4
Bihar,Aurangabad,2025-10-15,44,141,1
Bihar,Aurangabad,2025-10-16,21,80,8
Bihar,Aurangabad,2025-10-17,111,266,1
Bihar,Aurangabad,2025-10-18,37,113,4
Bihar,Aurangabad,2025-10-19,75,112,1
Bihar,Aurangabad,2025-10-20,17,31,0
Bihar,Aurangabad,2025-10-21,5,14,0
Bihar,Aurangabad,2025-10-23,0,0,2
Bihar,Aurangabad,2025-10-24,47,87,0
Bihar,Aurangabad,2025-10-25,58,151,1
Bihar,Aurangabad,2025-10-26,20,64,0
Bihar,Aurangabad,2025-10-27,20,46,0
Bihar,Aurangabad,2025-10-28,19,54,0
Bihar,Aurangabad,2025-10-29,19,27,0
Bihar,Aurangabad,2025-10-30,39,119,1
Bihar,Aurangabad,2025-10-31,40,109,0
Bihar,Aurangabad,2025-11-01,5,30,1
Bihar,Aurangabad,2025-11-02,71,208,0
Bihar,Aurangabad,2025-11-03,16,63,1
Bihar,Aurangabad,2025-11-04,1,4,0
Bihar,Aurangabad,2025-11-05,74,278,1
Bihar,Aurangabad,2025-11-06,26,113,0
Bihar,Aurangabad,2025-11-07,44,109,0
Bihar,Aurangabad,2025-11-08,46,144,0
Bihar,Aurangabad,2025-11-09,46,102,0
Bihar,Aurangabad,2025-11-10,55,136,0
Bihar,Aurangabad,2025-11-11,26,56,0
Bihar,Aurangabad,2025-11-12,13,43,0
Bihar,Aurangabad,2025-11-13,3,25,1
Bihar,Aurangabad,2025-11-14,12,34,0
Bihar,Aurangabad,2025-11-15,97,142,0
Bihar,Aurangabad,2025-11-16,30,60,1
Bihar,Aurangabad,2025-11-17,14,33,1
Bihar,Aurangabad,2025-11-18,69,119,1
Bihar,Aurangabad,2025-11-19,89,197,1
Bihar,Aurangabad,2025-11-25,42,116,0
Bihar,Aurangabad,2025-12-15,125,231,1
Bihar,Aurangabad,2025-12-21,51,0,0
Bihar,Aurangabad,2025-12-22,162,3,0
Bihar,Aurangabad,2025-12-23,77,0,0
Bihar,Aurangabad,2025-12-24,48,71,9
Bihar,Aurangabad,2025-12-25,31,202,20
Bihar,Aurangabad,2025-12-26,35,81,3
Bihar,Aurangabad,2025-12-27,15,95,0
Bihar,Aurangabad,2025-12-28,23,49,0
Bihar,Aurangabad,2025-12-29,39,87,3
Bihar,Aurangabad,2025-12-31,50,512,3
Bihar,Aurangabad,2026-01-01,91,335,3
Bihar,Aurangabad,2026-01-02,48,179,11
Bihar,Aurangabad,2026-01-03,3,82,1
Bihar,Aurangabad(BH),2025-06-14,0,1,0
Bihar,Aurangabad(BH),2025-09-05,0,1,0
Bihar,Aurangabad(BH),2025-11-15,1,0,0
Bihar,Aurangabad(BH),2025-11-18,1,0,0
Bihar,Aurangabad(BH),2025-12-22,1,0,0
Bihar,Aurangabad(BH),2025-12-25,0,2,0
Bihar,Aurangabad(BH),2025-12-29,2,0,0
Bihar,Aurangabad(bh),2025-06-09,1,1,0
Bihar,Aurangabad(bh),2025-06-11,1,3,0
Bihar,Aurangabad(bh),2025-06-12,1,2,0
Bihar,Aurangabad(bh),2025-06-13,0,1,0
Bihar,Aurangabad(bh),2025-06-14,1,4,0
Bihar,Aurangabad(bh),2025-06-16,0,1,0
Bihar,Aurangabad(bh),2025-06-18,0,1,0
Bihar,Aurangabad(bh),2025-06-19,0,2,0
Bihar,Aurangabad(bh),2025-09-01,0,1,0
Bihar,Aurangabad(bh),2025-09-03,1,4,0
Bihar,Aurangabad(bh),2025-09-04,2,0,0
Bihar,Aurangabad(bh),2025-09-05,3,1,0
Bihar,Aurangabad(bh),2025-09-07,0,1,0
Bihar,Aurangabad(bh),2025-09-08,3,3,0
Bihar,Aurangabad(bh),2025-09-10,1,0,0
Bihar,Aurangabad(bh),2025-09-12,0,1,0
Bihar,Aurangabad(bh),2025-09-15,0,1,0
Bihar,Aurangabad(bh),2025-09-18,0,2,0
Bihar,Aurangabad(bh),2025-09-20,1,0,0
Bihar,Aurangabad(bh),2025-09-22,1,0,0
Bihar,Aurangabad(bh),2025-09-23,1,0,0
Bihar,Aurangabad(bh),2025-09-24,3,1,0
Bihar,Aurangabad(bh),2025-09-25,3,0,0
Bihar,Aurangabad(bh),2025-09-26,3,0,0
Bihar,Aurangabad(bh),2025-09-29,0,1,0
Bihar,Aurangabad(bh),2025-10-13,1,0,0
Bihar,Aurangabad(bh),2025-10-17,1,3,0
Bihar,Aurangabad(bh),2025-10-24,1,3,0
Bihar,Aurangabad(bh),2025-10-25,1,2,0
Bihar,Aurangabad(bh),2025-10-28,1,3,0
Bihar,Aurangabad(bh),2025-10-30,2,2,0
Bihar,Aurangabad(bh),2025-10-31,0,1,0
Bihar,Aurangabad(bh),2025-11-02,1,0,0
Bihar,Aurangabad(bh),2025-11-05,0,3,0
Bihar,Aurangabad(bh),2025-11-06,1,2,0
Bihar,Aurangabad(bh),2025-11-10,1,0,0
Bihar,Aurangabad(bh),2025-11-11,2,2,0
Bihar,Aurangabad(bh),2025-11-13,1,0,0
Bihar,Aurangabad(bh),2025-11-14,1,0,0
Bihar,Aurangabad(bh),2025-11-15,0,3,0
Bihar,Aurangabad(bh),2025-11-16,0,2,0
Bihar,Aurangabad(bh),2025-11-17,0,1,0
Bihar,Aurangabad(bh),2025-11-18,2,4,0
Bihar,Aurangabad(bh),2025-11-19,1,1,0
Bihar,Aurangabad(bh),2025-11-25,0,1,0
Bihar,Aurangabad(bh),2025-12-15,1,3,0
Bihar,Aurangabad(bh),2025-12-21,1,0,0
Bihar,Aurangabad(bh),2025-12-24,2,0,0
Bihar,Aurangabad(bh),2025-12-25,0,2,0
Bihar,Aurangabad(bh),2025-12-26,1,0,0
Bihar,Aurangabad(bh),2025-12-31,0,7,0
Bihar,Aurangabad(bh),2026-01-01,0,4,0
Bihar,Aurangabad(bh),2026-01-02,1,3,0
Bihar,Aurangabad(bh),2026-01-03,0,2,0
Bihar,Banka,2025-06-01,397,542,36
Bihar,Banka,2025-06-09,90,95,1
Bihar,Banka,2025-06-10,98,128,1
Bihar,Banka,2025-06-11,27,38,0
Bihar,Banka,2025-06-12,61,62,1
Bihar,Banka,2025-06-13,74,66,4
Bihar,Banka,2025-06-14,31,59,1
Bihar,Banka,2025-06-15,8,6,0
Bihar,Banka,2025-06-16,60,81,3
Bihar,Banka,2025-06-17,88,98,2
Bihar,Banka,2025-06-18,31,45,3
Bihar,Banka,2025-06-19,54,79,3
Bihar,Banka,2025-07-01,148,269,11
Bihar,Banka,2025-09-01,57,61,0
Bihar,Banka,2025-09-02,107,71,0
Bihar,Banka,2025-09-03,54,49,0
Bihar,Banka,2025-09-04,35,45,1
Bihar,Banka,2025-09-05,16,34,0
Bihar,Banka,2025-09-06,64,77,0
Bihar,Banka,2025-09-07,12,3,0
Bihar,Banka,2025-09-08,110,80,0
Bihar,Banka,2025-09-09,83,95,0
Bihar,Banka,2025-09-10,96,67,0
Bihar,Banka,2025-09-11,85,62,0
Bihar,Banka,2025-09-12,79,60,0
Bihar,Banka,2025-09-13,38,29,1
Bihar,Banka,2025-09-14,17,13,0
Bihar,Banka,2025-09-15,60,47,0
Bihar,Banka,2025-09-16,57,53,0
Bihar,Banka,2025-09-17,25,20,0
Bihar,Banka,2025-09-18,75,49,0
Bihar,Banka,2025-09-19,65,52,0
Bihar,Banka,2025-09-20,69,69,0
Bihar,Banka,2025-09-21,5,9,0
Bihar,Banka,2025-09-22,36,38,0
Bihar,Banka,2025-09-23,76,36,0
Bihar,Banka,2025-09-24,67,46,0
Bihar,Banka,2025-09-25,68,53,0
Bihar,Banka,2025-09-26,54,29,0
Bihar,Banka,2025-09-27,20,12,0
Bihar,Banka,2025-09-28,1,3,0
Bihar,Banka,2025-09-29,0,1,0
Bihar,Banka,2025-10-13,166,114,3
Bihar,Banka,2025-10-15,134,82,2
Bihar,Banka,2025-10-16,73,51,5
Bihar,Banka,2025-10-17,279,146,0
Bihar,Banka,2025-10-18,97,63,2
Bihar,Banka,2025-10-19,106,77,0
Bihar,Banka,2025-10-20,25,28,0
Bihar,Banka,2025-10-21,12,7,0
Bihar,Banka,2025-10-23,0,0,2
Bihar,Banka,2025-10-24,55,43,1
Bihar,Banka,2025-10-25,115,49,4
Bihar,Banka,2025-10-26,41,42,1
Bihar,Banka,2025-10-27,30,27,0
Bihar,Banka,2025-10-28,30,38,0
Bihar,Banka,2025-10-29,27,11,0
Bihar,Banka,2025-10-30,84,45,0
Bihar,Banka,2025-10-31,73,45,0
Bihar,Banka,2025-11-01,20,15,0
Bihar,Banka,2025-11-02,172,121,0
Bihar,Banka,2025-11-03,43,24,0
Bihar,Banka,2025-11-04,1,0,0
Bihar,Banka,2025-11-05,173,132,0
Bihar,Banka,2025-11-06,65,60,0
Bihar,Banka,2025-11-07,72,43,0
Bihar,Banka,2025-11-08,84,60,0
Bihar,Banka,2025-11-09,75,54,1
Bihar,Banka,2025-11-10,110,79,1
Bihar,Banka,2025-11-11,51,26,1
Bihar,Banka,2025-11-12,14,27,0
Bihar,Banka,2025-11-13,14,15,0
Bihar,Banka,2025-11-14,24,13,0
Bihar,Banka,2025-11-15,143,67,0
Bihar,Banka,2025-11-16,52,32,0
Bihar,Banka,2025-11-17,30,15,2
Bihar,Banka,2025-11-18,82,44,0
Bihar,Banka,2025-11-19,179,77,2
Bihar,Banka,2025-11-25,32,29,0
Bihar,Banka,2025-12-15,244,178,0
Bihar,Banka,2025-12-21,74,0,0
Bihar,Banka,2025-12-22,276,6,0
Bihar,Banka,2025-12-23,123,2,0
Bihar,Banka,2025-12-24,96,38,3
Bihar,Banka,2025-12-25,59,131,0
Bihar,Banka,2025-12-26,70,63,0
Bihar,Banka,2025-12-27,65,57,0
Bihar,Banka,2025-12-28,58,69,0
Bihar,Banka,2025-12-29,64,46,0
Bihar,Banka,2025-12-31,116,296,1
Bihar,Banka,2026-01-01,169,182,1
Bihar,Banka,2026-01-02,91,119,1
Bihar,Banka,2026-01-03,6,44,1
Bihar,Begusarai,2025-06-09,115,149,3
Bihar,Begusarai,2025-06-10,94,129,3
Bihar,Begusarai,2025-06-11,30,24,0
Bihar,Begusarai,2025-06-12,71,85,5
Bihar,Begusarai,2025-06-13,54,82,1
Bihar,Begusarai,2025-06-14,51,66,1
Bihar,Begusarai,2025-06-15,26,21,0
Bihar,Begusarai,2025-06-16,84,101,0
Bihar,Begusarai,2025-06-17,123,133,3
Bihar,Begusarai,2025-06-18,74,70,2
Bihar,Begusarai,2025-06-19,86,133,1
Bihar,Begusarai,2025-07-01,377,372,13
Bihar,Begusarai,2025-09-01,118,110,1
Bihar,Begusarai,2025-09-02,138,117,1
Bihar,Begusarai,2025-09-03,124,86,1
Bihar,Begusarai,2025-09-04,112,63,0
Bihar,Begusarai,2025-09-05,27,19,0
Bihar,Begusarai,2025-09-06,145,92,1
Bihar,Begusarai,2025-09-07,5,6,0
Bihar,Begusarai,2025-09-08,119,91,1
Bihar,Begusarai,2025-09-09,108,81,2
Bihar,Begusarai,2025-09-10,132,88,0
Bihar,Begusarai,2025-09-11,82,53,0
Bihar,Begusarai,2025-09-12,104,63,0
Bihar,Begusarai,2025-09-13,41,39,0
Bihar,Begusarai,2025-09-14,4,3,0
Bihar,Begusarai,2025-09-15,101,56,1
Bihar,Begusarai,2025-09-16,92,49,0
Bihar,Begusarai,2025-09-17,53,49,0
Bihar,Begusarai,2025-09-18,115,58,0
Bihar,Begusarai,2025-09-19,115,65,1
Bihar,Begusarai,2025-09-20,75,66,0
Bihar,Begusarai,2025-09-21,1,4,0
Bihar,Begusarai,2025-09-22,67,45,0
Bihar,Begusarai,2025-09-23,61,57,0
Bihar,Begusarai,2025-09-24,119,64,0
Bihar,Begusarai,2025-09-25,145,56,0
Bihar,Begusarai,2025-09-26,85,24,0
Bihar,Begusarai,2025-09-27,41,10,0
Bihar,Begusarai,2025-09-28,2,0,0
Bihar,Begusarai,2025-09-29,7,2,0
Bihar,Begusarai,2025-10-13,201,111,5
Bihar,Begusarai,2025-10-15,147,84,2
Bihar,Begusarai,2025-10-16,89,53,2
Bihar,Begusarai,2025-10-17,277,171,1
Bihar,Begusarai,2025-10-18,137,79,2
Bihar,Begusarai,2025-10-19,165,65,1
Bihar,Begusarai,2025-10-20,22,19,0
Bihar,Begusarai,2025-10-21,13,16,0
Bihar,Begusarai,2025-10-23,0,0,1
Bihar,Begusarai,2025-10-24,74,36,0
Bihar,Begusarai,2025-10-25,146,67,1
Bihar,Begusarai,2025-10-26,51,57,3
Bihar,Begusarai,2025-10-27,33,23,0
Bihar,Begusarai,2025-10-28,32,32,0
Bihar,Begusarai,2025-10-29,18,21,1
Bihar,Begusarai,2025-10-30,67,49,1
Bihar,Begusarai,2025-10-31,73,57,1
Bihar,Begusarai,2025-11-01,21,20,0
Bihar,Begusarai,2025-11-02,134,81,0
Bihar,Begusarai,2025-11-03,33,24,1
Bihar,Begusarai,2025-11-04,1,0,0
Bihar,Begusarai,2025-11-05,150,94,0
Bihar,Begusarai,2025-11-06,52,27,0
Bihar,Begusarai,2025-11-07,28,16,0
Bihar,Begusarai,2025-11-08,79,32,2
Bihar,Begusarai,2025-11-09,66,32,0
Bihar,Begusarai,2025-11-10,101,69,2
Bihar,Begusarai,2025-11-11,72,48,0
Bihar,Begusarai,2025-11-12,74,46,1
Bihar,Begusarai,2025-11-13,41,31,0
Bihar,Begusarai,2025-11-14,117,54,0
Bihar,Begusarai,2025-11-15,255,126,0
Bihar,Begusarai,2025-11-16,71,53,0
Bihar,Begusarai,2025-11-17,32,28,3
Bihar,Begusarai,2025-11-18,111,71,0
Bihar,Begusarai,2025-11-19,266,144,0
Bihar,Begusarai,2025-11-25,59,57,0
Bihar,Begusarai,2025-12-15,403,312,0
Bihar,Begusarai,2025-12-21,101,1,0
Bihar,Begusarai,2025-12-22,354,4,0
Bihar,Begusarai,2025-12-23,159,0,0
Bihar,Begusarai,2025-12-24,87,58,1
Bihar,Begusarai,2025-12-25,55,131,1
Bihar,Begusarai,2025-12-26,151,61,0
Bihar,Begusarai,2025-12-27,159,80,0
Bihar,Begusarai,2025-12-28,181,94,0
Bihar,Begusarai,2025-12-29,75,37,0
Bihar,Begusarai,2025-12-31,217,361,2
Bihar,Begusarai,2026-01-01,279,217,1
Bihar,Begusarai,2026-01-02,166,134,0
Bihar,Begusarai,2026-01-03,9,54,0
Bihar,Bhabua,2025-06-09,0,1,0
Bihar,Bhabua,2025-06-10,0,1,0
Bihar,Bhabua,2025-06-17,0,2,0
Bihar,Bhabua,2025-06-19,2,2,0
Bihar,Bhabua,2025-09-01,0,1,0
Bihar,Bhabua,2025-09-03,1,1,0
Bihar,Bhabua,2025-09-04,1,0,0
Bihar,Bhabua,2025-09-06,0,1,0
Bihar,Bhabua,2025-09-08,0,1,0
Bihar,Bhabua,2025-09-09,0,1,0
Bihar,Bhabua,2025-09-11,0,1,0
Bihar,Bhabua,2025-09-13,1,0,0
Bihar,Bhabua,2025-09-22,1,0,0
Bihar,Bhabua,2025-10-13,1,1,0
Bihar,Bhabua,2025-10-15,1,0,0
Bihar,Bhabua,2025-10-18,1,0,0
Bihar,Bhabua,2025-10-24,0,1,0
Bihar,Bhabua,2025-10-25,1,0,0
Bihar,Bhabua,2025-10-26,0,1,0
Bihar,Bhabua,2025-11-02,1,2,0
Bihar,Bhabua,2025-11-09,1,1,0
Bihar,Bhabua,2025-11-10,1,0,0
Bihar,Bhabua,2025-11-19,0,1,0
Bihar,Bhabua,2025-11-25,0,1,0
Bihar,Bhabua,2025-12-15,1,0,0
Bihar,Bhabua,2025-12-21,1,0,0
Bihar,Bhabua,2025-12-31,1,3,0
Bihar,Bhagalpur,2025-03-09,13,40,18
Bihar,Bhagalpur,2025-04-01,678,534,26
Bihar,Bhagalpur,2025-05-01,1500,1363,85
Bihar,Bhagalpur,2025-06-01,1407,2293,150
Bihar,Bhagalpur,2025-06-09,107,182,4
Bihar,Bhagalpur,2025-06-10,99,176,1
Bihar,Bhagalpur,2025-06-11,64,112,1
Bihar,Bhagalpur,2025-06-12,67,155,9
Bihar,Bhagalpur,2025-06-13,85,132,2
Bihar,Bhagalpur,2025-06-14,57,110,4
Bihar,Bhagalpur,2025-06-15,17,69,6
Bihar,Bhagalpur,2025-06-16,80,135,3
Bihar,Bhagalpur,2025-06-17,75,207,4
Bihar,Bhagalpur,2025-06-18,60,120,5
Bihar,Bhagalpur,2025-06-19,86,169,2
Bihar,Bhagalpur,2025-07-01,184,358,15
Bihar,Bhagalpur,2025-09-01,92,118,1
Bihar,Bhagalpur,2025-09-02,116,126,1
Bihar,Bhagalpur,2025-09-03,104,109,0
Bihar,Bhagalpur,2025-09-04,73,75,1
Bihar,Bhagalpur,2025-09-05,30,46,0
Bihar,Bhagalpur,2025-09-06,72,78,0
Bihar,Bhagalpur,2025-09-07,20,55,0
Bihar,Bhagalpur,2025-09-08,139,122,0
Bihar,Bhagalpur,2025-09-09,117,117,0
Bihar,Bhagalpur,2025-09-10,103,103,1
Bihar,Bhagalpur,2025-09-11,109,109,0
Bihar,Bhagalpur,2025-09-12,75,101,0
Bihar,Bhagalpur,2025-09-13,46,44,0
Bihar,Bhagalpur,2025-09-14,30,30,0
Bihar,Bhagalpur,2025-09-15,55,52,0
Bihar,Bhagalpur,2025-09-16,74,78,1
Bihar,Bhagalpur,2025-09-17,48,41,1
Bihar,Bhagalpur,2025-09-18,111,73,0
Bihar,Bhagalpur,2025-09-19,85,100,0
Bihar,Bhagalpur,2025-09-20,51,80,1
Bihar,Bhagalpur,2025-09-21,7,17,0
Bihar,Bhagalpur,2025-09-22,51,64,0
Bihar,Bhagalpur,2025-09-23,75,81,1
Bihar,Bhagalpur,2025-09-24,79,54,0
Bihar,Bhagalpur,2025-09-25,66,69,1
Bihar,Bhagalpur,2025-09-26,46,42,0
Bihar,Bhagalpur,2025-09-27,17,32,0
Bihar,Bhagalpur,2025-09-28,6,4,0
Bihar,Bhagalpur,2025-09-29,5,10,0
Bihar,Bhagalpur,2025-09-30,0,1,0
Bihar,Bhagalpur,2025-10-13,138,125,6
Bihar,Bhagalpur,2025-10-15,131,101,18
Bihar,Bhagalpur,2025-10-16,58,68,14
Bihar,Bhagalpur,2025-10-17,233,199,3
Bihar,Bhagalpur,2025-10-18,106,76,1
Bihar,Bhagalpur,2025-10-19,122,92,0
Bihar,Bhagalpur,2025-10-20,26,24,0
Bihar,Bhagalpur,2025-10-21,8,12,0
Bihar,Bhagalpur,2025-10-23,0,0,4
Bihar,Bhagalpur,2025-10-24,58,58,12
Bihar,Bhagalpur,2025-10-25,100,88,0
Bihar,Bhagalpur,2025-10-26,44,67,0
Bihar,Bhagalpur,2025-10-27,24,45,0
Bihar,Bhagalpur,2025-10-28,71,34,1
Bihar,Bhagalpur,2025-10-29,39,14,0
Bihar,Bhagalpur,2025-10-30,79,55,3
Bihar,Bhagalpur,2025-10-31,86,80,0
Bihar,Bhagalpur,2025-11-01,19,15,0
Bihar,Bhagalpur,2025-11-02,198,135,0
Bihar,Bhagalpur,2025-11-03,40,38,2
Bihar,Bhagalpur,2025-11-04,3,0,0
Bihar,Bhagalpur,2025-11-05,229,187,0
Bihar,Bhagalpur,2025-11-06,59,92,0
Bihar,Bhagalpur,2025-11-07,69,78,1
Bihar,Bhagalpur,2025-11-08,101,66,0
Bihar,Bhagalpur,2025-11-09,110,72,0
Bihar,Bhagalpur,2025-11-10,158,94,0
Bihar,Bhagalpur,2025-11-11,65,45,0
Bihar,Bhagalpur,2025-11-12,39,48,0
Bihar,Bhagalpur,2025-11-13,12,27,1
Bihar,Bhagalpur,2025-11-14,31,42,1
Bihar,Bhagalpur,2025-11-15,254,158,1
Bihar,Bhagalpur,2025-11-16,95,69,1
Bihar,Bhagalpur,2025-11-17,48,22,0
Bihar,Bhagalpur,2025-11-18,186,114,0
Bihar,Bhagalpur,2025-11-19,292,147,0
Bihar,Bhagalpur,2025-11-25,83,79,0
Bihar,Bhagalpur,2025-12-15,287,211,0
Bihar,Bhagalpur,2025-12-21,73,0,0
Bihar,Bhagalpur,2025-12-22,297,2,0
Bihar,Bhagalpur,2025-12-23,105,0,0
Bihar,Bhagalpur,2025-12-24,69,70,2
Bihar,Bhagalpur,2025-12-25,41,155,1
Bihar,Bhagalpur,2025-12-26,94,77,0
Bihar,Bhagalpur,2025-12-27,93,91,0
Bihar,Bhagalpur,2025-12-28,85,63,0
Bihar,Bhagalpur,2025-12-29,74,42,0
Bihar,Bhagalpur,2025-12-31,148,311,4
Bihar,Bhagalpur,2026-01-01,214,224,4
Bihar,Bhagalpur,2026-01-02,166,137,1
Bihar,Bhagalpur,2026-01-03,8,54,0
Bihar,Bhojpur,2025-06-09,43,254,3
Bihar,Bhojpur,2025-06-10,31,242,7
Bihar,Bhojpur,2025-06-11,21,137,3
Bihar,Bhojpur,2025-06-12,27,165,2
Bihar,Bhojpur,2025-06-13,19,186,5
Bihar,Bhojpur,2025-06-14,17,110,3
Bihar,Bhojpur,2025-06-15,1,19,3
Bihar,Bhojpur,2025-06-16,31,217,3
Bihar,Bhojpur,2025-06-17,37,267,4
Bihar,Bhojpur,2025-06-18,14,116,3
Bihar,Bhojpur,2025-06-19,41,269,3
Bihar,Bhojpur,2025-07-01,184,626,13
Bihar,Bhojpur,2025-09-01,53,175,2
Bihar,Bhojpur,2025-09-02,39,181,1
Bihar,Bhojpur,2025-09-03,30,129,0
Bihar,Bhojpur,2025-09-04,31,113,2
Bihar,Bhojpur,2025-09-05,16,49,0
Bihar,Bhojpur,2025-09-06,36,126,0
Bihar,Bhojpur,2025-09-07,5,29,2
Bihar,Bhojpur,2025-09-08,51,140,1
Bihar,Bhojpur,2025-09-09,31,131,0
Bihar,Bhojpur,2025-09-10,62,131,1
Bihar,Bhojpur,2025-09-11,51,87,0
Bihar,Bhojpur,2025-09-12,24,123,0
Bihar,Bhojpur,2025-09-13,16,53,0
Bihar,Bhojpur,2025-09-14,4,11,0
Bihar,Bhojpur,2025-09-15,26,84,0
Bihar,Bhojpur,2025-09-16,37,91,2
Bihar,Bhojpur,2025-09-17,19,74,0
Bihar,Bhojpur,2025-09-18,27,99,0
Bihar,Bhojpur,2025-09-19,45,120,1
Bihar,Bhojpur,2025-09-20,26,102,0
Bihar,Bhojpur,2025-09-21,4,5,0
Bihar,Bhojpur,2025-09-22,41,117,0
Bihar,Bhojpur,2025-09-23,30,130,0
Bihar,Bhojpur,2025-09-24,48,121,0
Bihar,Bhojpur,2025-09-25,42,101,1
Bihar,Bhojpur,2025-09-26,26,66,1
Bihar,Bhojpur,2025-09-27,12,47,0
Bihar,Bhojpur,2025-09-28,1,8,0
Bihar,Bhojpur,2025-09-29,2,8,1
Bihar,Bhojpur,2025-09-30,0,2,0
Bihar,Bhojpur,2025-10-13,66,202,2
Bihar,Bhojpur,2025-10-15,52,172,2
Bihar,Bhojpur,2025-10-16,34,109,5
Bihar,Bhojpur,2025-10-17,119,373,2
Bihar,Bhojpur,2025-10-18,45,224,3
Bihar,Bhojpur,2025-10-19,65,198,2
Bihar,Bhojpur,2025-10-20,10,84,0
Bihar,Bhojpur,2025-10-21,8,36,1
Bihar,Bhojpur,2025-10-23,0,1,1
Bihar,Bhojpur,2025-10-24,51,146,3
Bihar,Bhojpur,2025-10-25,74,173,0
Bihar,Bhojpur,2025-10-26,21,134,1
Bihar,Bhojpur,2025-10-27,12,93,1
Bihar,Bhojpur,2025-10-28,20,80,0
Bihar,Bhojpur,2025-10-29,19,32,0
Bihar,Bhojpur,2025-10-30,55,147,2
Bihar,Bhojpur,2025-10-31,41,160,1
Bihar,Bhojpur,2025-11-01,3,36,1
Bihar,Bhojpur,2025-11-02,74,174,0
Bihar,Bhojpur,2025-11-03,35,79,0
Bihar,Bhojpur,2025-11-04,0,1,0
Bihar,Bhojpur,2025-11-05,54,237,2
Bihar,Bhojpur,2025-11-06,15,112,0
Bihar,Bhojpur,2025-11-07,19,73,1
Bihar,Bhojpur,2025-11-08,42,111,3
Bihar,Bhojpur,2025-11-09,35,93,1
Bihar,Bhojpur,2025-11-10,65,195,2
Bihar,Bhojpur,2025-11-11,31,135,0
Bihar,Bhojpur,2025-11-12,27,140,3
Bihar,Bhojpur,2025-11-13,20,96,0
Bihar,Bhojpur,2025-11-14,33,113,0
Bihar,Bhojpur,2025-11-15,90,241,3
Bihar,Bhojpur,2025-11-16,33,115,1
Bihar,Bhojpur,2025-11-17,24,54,12
Bihar,Bhojpur,2025-11-18,42,121,4
Bihar,Bhojpur,2025-11-19,104,227,2
Bihar,Bhojpur,2025-11-25,28,129,2
Bihar,Bhojpur,2025-12-15,155,386,0
Bihar,Bhojpur,2025-12-21,37,0,0
Bihar,Bhojpur,2025-12-22,174,0,0
Bihar,Bhojpur,2025-12-23,58,1,0
Bihar,Bhojpur,2025-12-24,31,130,1
Bihar,Bhojpur,2025-12-25,25,270,3
Bihar,Bhojpur,2025-12-26,43,158,0
Bihar,Bhojpur,2025-12-27,27,195,1
Bihar,Bhojpur,2025-12-28,18,107,0
Bihar,Bhojpur,2025-12-29,41,167,2
Bihar,Bhojpur,2025-12-31,63,728,12
Bihar,Bhojpur,2026-01-01,103,418,10
Bihar,Bhojpur,2026-01-02,48,237,5
Bihar,Bhojpur,2026-01-03,2,91,3
Bihar,Buxar,2025-06-09,20,131,1
Bihar,Buxar,2025-06-10,32,109,1
Bihar,Buxar,2025-06-11,12,27,0
Bihar,Buxar,2025-06-12,10,93,5
Bihar,Buxar,2025-06-13,17,74,1
Bihar,Buxar,2025-06-14,8,70,3
Bihar,Buxar,2025-06-15,3,8,1
Bihar,Buxar,2025-06-16,19,92,4
Bihar,Buxar,2025-06-17,27,141,2
Bihar,Buxar,2025-06-18,18,84,1
Bihar,Buxar,2025-06-19,23,143,2
Bihar,Buxar,2025-09-01,38,101,1
Bihar,Buxar,2025-09-02,31,89,0
Bihar,Buxar,2025-09-03,24,122,2
Bihar,Buxar,2025-09-04,18,78,0
Bihar,Buxar,2025-09-05,5,17,0
Bihar,Buxar,2025-09-06,20,81,1
Bihar,Buxar,2025-09-07,0,3,0
Bihar,Buxar,2025-09-08,25,62,0
Bihar,Buxar,2025-09-09,32,69,0
Bihar,Buxar,2025-09-10,31,73,0
Bihar,Buxar,2025-09-11,22,73,0
Bihar,Buxar,2025-09-12,30,81,0
Bihar,Buxar,2025-09-13,14,48,0
Bihar,Buxar,2025-09-14,1,2,0
Bihar,Buxar,2025-09-15,31,51,0
Bihar,Buxar,2025-09-16,49,78,0
Bihar,Buxar,2025-09-17,24,50,0
Bihar,Buxar,2025-09-18,64,57,0
Bihar,Buxar,2025-09-19,79,81,2
Bihar,Buxar,2025-09-20,55,59,0
Bihar,Buxar,2025-09-21,1,1,0
Bihar,Buxar,2025-09-22,14,51,0
Bihar,Buxar,2025-09-23,18,78,1
Bihar,Buxar,2025-09-24,72,80,0
Bihar,Buxar,2025-09-25,94,72,0
Bihar,Buxar,2025-09-26,55,42,0
Bihar,Buxar,2025-09-27,3,13,0
Bihar,Buxar,2025-09-29,5,9,0
Bihar,Buxar,2025-09-30,1,0,0
Bihar,Buxar,2025-10-13,76,95,3
Bihar,Buxar,2025-10-15,61,91,3
Bihar,Buxar,2025-10-16,28,39,4
Bihar,Buxar,2025-10-17,106,230,7
Bihar,Buxar,2025-10-18,47,83,0
Bihar,Buxar,2025-10-19,48,72,0
Bihar,Buxar,2025-10-20,13,38,0
Bihar,Buxar,2025-10-21,2,16,0
Bihar,Buxar,2025-10-23,0,1,3
Bihar,Buxar,2025-10-24,29,68,2
Bihar,Buxar,2025-10-25,41,88,3
Bihar,Buxar,2025-10-26,15,43,0
Bihar,Buxar,2025-10-27,11,33,0
Bihar,Buxar,2025-10-28,14,45,0
Bihar,Buxar,2025-10-29,12,24,2
Bihar,Buxar,2025-10-30,27,83,0
Bihar,Buxar,2025-10-31,29,69,0
Bihar,Buxar,2025-11-01,1,7,0
Bihar,Buxar,2025-11-02,49,64,0
Bihar,Buxar,2025-11-03,8,29,0
Bihar,Buxar,2025-11-04,2,1,0
Bihar,Buxar,2025-11-05,48,102,3
Bihar,Buxar,2025-11-06,18,28,0
Bihar,Buxar,2025-11-07,12,23,0
Bihar,Buxar,2025-11-08,29,49,2
Bihar,Buxar,2025-11-09,16,30,0
Bihar,Buxar,2025-11-10,44,83,0
Bihar,Buxar,2025-11-11,24,47,3
Bihar,Buxar,2025-11-12,33,59,1
Bihar,Buxar,2025-11-13,8,32,7
Bihar,Buxar,2025-11-14,18,46,1
Bihar,Buxar,2025-11-15,81,150,0
Bihar,Buxar,2025-11-16,21,52,0
Bihar,Buxar,2025-11-17,15,26,1
Bihar,Buxar,2025-11-18,47,68,0
Bihar,Buxar,2025-11-19,68,114,1
Bihar,Buxar,2025-11-25,23,45,0
Bihar,Buxar,2025-12-15,99,224,5
Bihar,Buxar,2025-12-21,27,0,0
Bihar,Buxar,2025-12-22,86,1,0
Bihar,Buxar,2025-12-23,32,0,0
Bihar,Buxar,2025-12-24,19,44,0
Bihar,Buxar,2025-12-25,15,142,3
Bihar,Buxar,2025-12-26,45,75,0
Bihar,Buxar,2025-12-27,51,68,0
Bihar,Buxar,2025-12-28,34,29,0
Bihar,Buxar,2025-12-29,46,56,0
Bihar,Buxar,2025-12-31,68,268,1
Bihar,Buxar,2026-01-01,98,205,1
Bihar,Buxar,2026-01-02,52,137,4
Bihar,Buxar,2026-01-03,2,42,1
Bihar,Darbhanga,2025-06-01,255,183,10
Bihar,Darbhanga,2025-06-09,135,130,3
Bihar,Darbhanga,2025-06-10,160,185,4
Bihar,Darbhanga,2025-06-11,59,65,5
Bihar,Darbhanga,2025-06-12,89,102,3
Bihar,Darbhanga,2025-06-13,82,104,2
Bihar,Darbhanga,2025-06-14,89,134,5
Bihar,Darbhanga,2025-06-15,22,34,2
Bihar,Darbhanga,2025-06-16,143,132,1
Bihar,Darbhanga,2025-06-17,176,198,2
Bihar,Darbhanga,2025-06-18,137,133,2
Bihar,Darbhanga,2025-06-19,214,184,4
Bihar,Darbhanga,2025-09-01,169,101,0
Bihar,Darbhanga,2025-09-02,176,128,2
Bihar,Darbhanga,2025-09-03,198,114,0
Bihar,Darbhanga,2025-09-04,136,116,0
Bihar,Darbhanga,2025-09-05,82,46,1
Bihar,Darbhanga,2025-09-06,195,83,1
Bihar,Darbhanga,2025-09-07,30,30,0
Bihar,Darbhanga,2025-09-08,194,100,1
Bihar,Darbhanga,2025-09-09,235,130,0
Bihar,Darbhanga,2025-09-10,206,126,1
Bihar,Darbhanga,2025-09-11,141,68,0
Bihar,Darbhanga,2025-09-12,152,108,0
Bihar,Darbhanga,2025-09-13,104,45,0
Bihar,Darbhanga,2025-09-14,23,18,0
Bihar,Darbhanga,2025-09-15,90,70,0
Bihar,Darbhanga,2025-09-16,108,95,0
Bihar,Darbhanga,2025-09-17,91,43,0
Bihar,Darbhanga,2025-09-18,100,75,0
Bihar,Darbhanga,2025-09-19,110,47,2
Bihar,Darbhanga,2025-09-20,90,71,1
Bihar,Darbhanga,2025-09-21,23,8,0
Bihar,Darbhanga,2025-09-22,101,61,0
Bihar,Darbhanga,2025-09-23,123,80,0
Bihar,Darbhanga,2025-09-24,147,79,1
Bihar,Darbhanga,2025-09-25,118,53,0
Bihar,Darbhanga,2025-09-26,96,33,0
Bihar,Darbhanga,2025-09-27,36,16,0
Bihar,Darbhanga,2025-09-28,5,6,0
Bihar,Darbhanga,2025-09-29,6,7,0
Bihar,Darbhanga,2025-09-30,1,3,0
Bihar,Darbhanga,2025-10-13,243,132,6
Bihar,Darbhanga,2025-10-15,176,92,5
Bihar,Darbhanga,2025-10-16,124,66,10
Bihar,Darbhanga,2025-10-17,377,192,2
Bihar,Darbhanga,2025-10-18,158,80,0
Bihar,Darbhanga,2025-10-19,198,86,0
Bihar,Darbhanga,2025-10-20,55,40,1
Bihar,Darbhanga,2025-10-21,15,21,0
Bihar,Darbhanga,2025-10-22,0,1,0
Bihar,Darbhanga,2025-10-23,0,0,4
Bihar,Darbhanga,2025-10-24,112,79,1
Bihar,Darbhanga,2025-10-25,180,84,0
Bihar,Darbhanga,2025-10-26,78,76,0
Bihar,Darbhanga,2025-10-27,54,55,2
Bihar,Darbhanga,2025-10-28,96,52,0
Bihar,Darbhanga,2025-10-29,87,37,1
Bihar,Darbhanga,2025-10-30,188,90,0
Bihar,Darbhanga,2025-10-31,122,83,1
Bihar,Darbhanga,2025-11-01,20,13,0
Bihar,Darbhanga,2025-11-02,205,110,0
Bihar,Darbhanga,2025-11-03,46,38,0
Bihar,Darbhanga,2025-11-04,0,1,0
Bihar,Darbhanga,2025-11-05,201,116,3
Bihar,Darbhanga,2025-11-06,39,58,0
Bihar,Darbhanga,2025-11-07,47,34,0
Bihar,Darbhanga,2025-11-08,114,71,1
Bihar,Darbhanga,2025-11-09,103,55,0
Bihar,Darbhanga,2025-11-10,219,132,3
Bihar,Darbhanga,2025-11-11,111,72,2
Bihar,Darbhanga,2025-11-12,93,83,2
Bihar,Darbhanga,2025-11-13,59,43,0
Bihar,Darbhanga,2025-11-14,102,56,0
Bihar,Darbhanga,2025-11-15,327,164,1
Bihar,Darbhanga,2025-11-16,79,70,2
Bihar,Darbhanga,2025-11-17,64,32,0
Bihar,Darbhanga,2025-11-18,168,91,0
Bihar,Darbhanga,2025-11-19,304,135,0
Bihar,Darbhanga,2025-11-25,104,64,1
Bihar,Darbhanga,2025-12-15,484,266,0
Bihar,Darbhanga,2025-12-21,119,2,0
Bihar,Darbhanga,2025-12-22,431,8,0
Bihar,Darbhanga,2025-12-23,131,2,0
Bihar,Darbhanga,2025-12-24,91,49,1
Bihar,Darbhanga,2025-12-25,55,109,0
Bihar,Darbhanga,2025-12-26,118,66,0
Bihar,Darbhanga,2025-12-27,103,76,0
Bihar,Darbhanga,2025-12-28,81,39,0
Bihar,Darbhanga,2025-12-29,113,62,0
Bihar,Darbhanga,2025-12-31,194,321,6
Bihar,Darbhanga,2026-01-01,256,207,3
Bihar,Darbhanga,2026-01-02,150,116,2
Bihar,Darbhanga,2026-01-03,11,33,1
Bihar,East Champaran,2025-04-01,1528,2371,153
Bihar,East Champaran,2025-05-01,1445,2871,192
Bihar,East Champaran,2025-06-09,103,335,9
Bihar,East Champaran,2025-06-10,124,427,19
Bihar,East Champaran,2025-06-11,38,114,8
Bihar,East Champaran,2025-06-12,80,295,18
Bihar,East Champaran,2025-06-13,97,272,17
Bihar,East Champaran,2025-06-14,60,232,13
Bihar,East Champaran,2025-06-15,12,30,6
Bihar,East Champaran,2025-06-16,101,354,23
Bihar,East Champaran,2025-06-17,144,581,26
Bihar,East Champaran,2025-06-18,99,236,18
Bihar,East Champaran,2025-06-19,128,437,23
Bihar,East Champaran,2025-09-01,121,238,3
Bihar,East Champaran,2025-09-02,122,273,12
Bihar,East Champaran,2025-09-03,147,254,10
Bihar,East Champaran,2025-09-04,125,203,10
Bihar,East Champaran,2025-09-05,31,64,1
Bihar,East Champaran,2025-09-06,117,276,9
Bihar,East Champaran,2025-09-07,8,35,1
Bihar,East Champaran,2025-09-08,172,270,8
Bihar,East Champaran,2025-09-09,164,276,4
Bihar,East Champaran,2025-09-10,178,244,12
Bihar,East Champaran,2025-09-11,104,202,6
Bihar,East Champaran,2025-09-12,125,269,5
Bihar,East Champaran,2025-09-13,100,189,7
Bihar,East Champaran,2025-09-14,28,64,0
Bihar,East Champaran,2025-09-15,118,163,6
Bihar,East Champaran,2025-09-16,112,199,2
Bihar,East Champaran,2025-09-17,47,76,5
Bihar,East Champaran,2025-09-18,113,183,5
Bihar,East Champaran,2025-09-19,78,126,1
Bihar,East Champaran,2025-09-20,91,160,4
Bihar,East Champaran,2025-09-21,8,13,1
Bihar,East Champaran,2025-09-22,67,142,7
Bihar,East Champaran,2025-09-23,82,160,4
Bihar,East Champaran,2025-09-24,108,171,1
Bihar,East Champaran,2025-09-25,108,156,1
Bihar,East Champaran,2025-09-26,55,79,1
Bihar,East Champaran,2025-09-27,20,46,0
Bihar,East Champaran,2025-09-28,1,20,1
Bihar,East Champaran,2025-09-29,4,21,1
Bihar,East Champaran,2025-09-30,0,8,0
Bihar,East Champaran,2025-10-13,153,265,15
Bihar,East Champaran,2025-10-15,97,245,18
Bihar,East Champaran,2025-10-16,69,164,16
Bihar,East Champaran,2025-10-17,237,320,13
Bihar,East Champaran,2025-10-18,132,248,6
Bihar,East Champaran,2025-10-19,110,193,3
Bihar,East Champaran,2025-10-20,29,89,1
Bihar,East Champaran,2025-10-21,10,50,1
Bihar,East Champaran,2025-10-22,1,0,0
Bihar,East Champaran,2025-10-23,0,0,6
Bihar,East Champaran,2025-10-24,72,154,14
Bihar,East Champaran,2025-10-25,112,176,2
Bihar,East Champaran,2025-10-26,47,158,12
Bihar,East Champaran,2025-10-27,28,133,6
Bihar,East Champaran,2025-10-28,35,72,7
Bihar,East Champaran,2025-10-29,32,39,4
Bihar,East Champaran,2025-10-30,92,117,2
Bihar,East Champaran,2025-10-31,80,146,4
Bihar,East Champaran,2025-11-01,10,56,6
Bihar,East Champaran,2025-11-02,113,167,2
Bihar,East Champaran,2025-11-03,42,114,2
Bihar,East Champaran,2025-11-04,1,3,0
Bihar,East Champaran,2025-11-05,192,362,9
Bihar,East Champaran,2025-11-06,75,235,12
Bihar,East Champaran,2025-11-07,72,204,5
Bihar,East Champaran,2025-11-08,109,242,6
Bihar,East Champaran,2025-11-09,95,172,5
Bihar,East Champaran,2025-11-10,157,212,10
Bihar,East Champaran,2025-11-11,53,131,6
Bihar,East Champaran,2025-11-12,45,123,8
Bihar,East Champaran,2025-11-13,12,101,7
Bihar,East Champaran,2025-11-14,22,86,9
Bihar,East Champaran,2025-11-15,185,268,22
Bihar,East Champaran,2025-11-16,69,146,7
Bihar,East Champaran,2025-11-17,49,87,3
Bihar,East Champaran,2025-11-18,140,209,5
Bihar,East Champaran,2025-11-19,251,294,11
Bihar,East Champaran,2025-11-25,82,174,10
Bihar,East Champaran,2025-12-15,364,624,3
Bihar,East Champaran,2025-12-21,78,4,0
Bihar,East Champaran,2025-12-22,367,9,0
Bihar,East Champaran,2025-12-23,104,1,0
Bihar,East Champaran,2025-12-24,85,152,8
Bihar,East Champaran,2025-12-25,62,347,5
Bihar,East Champaran,2025-12-26,111,247,3
Bihar,East Champaran,2025-12-27,101,299,4
Bihar,East Champaran,2025-12-28,82,188,1
Bihar,East Champaran,2025-12-29,84,214,2
Bihar,East Champaran,2025-12-31,172,816,41
Bihar,East Champaran,2026-01-01,203,396,18
Bihar,East Champaran,2026-01-02,126,233,21
Bihar,East Champaran,2026-01-03,15,60,7
Bihar,Gaya,2025-04-01,437,1371,54
Bihar,Gaya,2025-05-01,452,1796,69
Bihar,Gaya,2025-06-01,515,1341,37
Bihar,Gaya,2025-06-09,93,278,5
Bihar,Gaya,2025-06-10,71,242,8
Bihar,Gaya,2025-06-11,40,103,5
Bihar,Gaya,2025-06-12,62,218,5
Bihar,Gaya,2025-06-13,57,208,6
Bihar,Gaya,2025-06-14,53,154,8
Bihar,Gaya,2025-06-15,6,43,4
Bihar,Gaya,2025-06-16,47,279,8
Bihar,Gaya,2025-06-17,67,418,10
Bihar,Gaya,2025-06-18,49,218,11
Bihar,Gaya,2025-06-19,57,303,13
Bihar,Gaya,2025-07-01,546,2601,65
Bihar,Gaya,2025-09-01,92,359,0
Bihar,Gaya,2025-09-02,87,316,0
Bihar,Gaya,2025-09-03,71,241,1
Bihar,Gaya,2025-09-04,48,175,0
Bihar,Gaya,2025-09-05,26,92,0
Bihar,Gaya,2025-09-06,67,190,3
Bihar,Gaya,2025-09-07,16,49,0
Bihar,Gaya,2025-09-08,70,201,1
Bihar,Gaya,2025-09-09,93,228,5
Bihar,Gaya,2025-09-10,108,210,3
Bihar,Gaya,2025-09-11,61,198,3
Bihar,Gaya,2025-09-12,73,219,4
Bihar,Gaya,2025-09-13,37,94,4
Bihar,Gaya,2025-09-14,7,21,2
Bihar,Gaya,2025-09-15,52,107,0
Bihar,Gaya,2025-09-16,56,134,0
Bihar,Gaya,2025-09-17,34,77,1
Bihar,Gaya,2025-09-18,68,133,4
Bihar,Gaya,2025-09-19,57,156,5
Bihar,Gaya,2025-09-20,69,156,1
Bihar,Gaya,2025-09-21,2,15,0
Bihar,Gaya,2025-09-22,37,140,0
Bihar,Gaya,2025-09-23,56,151,3
Bihar,Gaya,2025-09-24,69,112,1
Bihar,Gaya,2025-09-25,50,120,1
Bihar,Gaya,2025-09-26,40,108,0
Bihar,Gaya,2025-09-27,13,59,0
Bihar,Gaya,2025-09-28,4,10,0
Bihar,Gaya,2025-09-29,4,57,0
Bihar,Gaya,2025-09-30,0,15,0
Bihar,Gaya,2025-10-13,138,424,14
Bihar,Gaya,2025-10-15,97,332,14
Bihar,Gaya,2025-10-16,44,217,9
Bihar,Gaya,2025-10-17,139,297,6
Bihar,Gaya,2025-10-18,78,288,19
Bihar,Gaya,2025-10-19,78,220,4
Bihar,Gaya,2025-10-20,15,88,2
Bihar,Gaya,2025-10-21,5,28,0
Bihar,Gaya,2025-10-22,0,3,0
Bihar,Gaya,2025-10-23,0,1,6
Bihar,Gaya,2025-10-24,40,114,3
Bihar,Gaya,2025-10-25,99,241,3
Bihar,Gaya,2025-10-26,33,212,3
Bihar,Gaya,2025-10-27,27,154,0
Bihar,Gaya,2025-10-28,47,140,1
Bihar,Gaya,2025-10-29,30,65,3
Bihar,Gaya,2025-10-30,63,169,1
Bihar,Gaya,2025-10-31,48,188,2
Bihar,Gaya,2025-11-01,12,96,0
Bihar,Gaya,2025-11-02,122,265,0
Bihar,Gaya,2025-11-03,27,128,2
Bihar,Gaya,2025-11-04,2,5,0
Bihar,Gaya,2025-11-05,153,389,2
Bihar,Gaya,2025-11-06,60,259,2
Bihar,Gaya,2025-11-07,50,175,7
Bihar,Gaya,2025-11-08,68,250,0
Bihar,Gaya,2025-11-09,50,141,0
Bihar,Gaya,2025-11-10,85,172,2
Bihar,Gaya,2025-11-11,28,90,1
Bihar,Gaya,2025-11-12,14,94,1
Bihar,Gaya,2025-11-13,17,39,3
Bihar,Gaya,2025-11-14,10,56,2
Bihar,Gaya,2025-11-15,87,166,1
Bihar,Gaya,2025-11-16,37,81,0
Bihar,Gaya,2025-11-17,24,48,0
Bihar,Gaya,2025-11-18,66,92,0
Bihar,Gaya,2025-11-19,147,197,1
Bihar,Gaya,2025-11-25,42,134,1
Bihar,Gaya,2025-12-15,231,588,1
Bihar,Gaya,2025-12-21,56,4,0
Bihar,Gaya,2025-12-22,298,4,0
Bihar,Gaya,2025-12-23,95,3,0
Bihar,Gaya,2025-12-24,80,208,6
Bihar,Gaya,2025-12-25,60,511,10
Bihar,Gaya,2025-12-26,106,309,2
Bihar,Gaya,2025-12-27,105,383,2
Bihar,Gaya,2025-12-28,64,219,0
Bihar,Gaya,2025-12-29,83,219,5
Bihar,Gaya,2025-12-31,124,921,16
Bihar,Gaya,2026-01-01,141,582,9
Bihar,Gaya,2026-01-02,96,383,10
Bihar,Gaya,2026-01-03,7,132,0
Bihar,Gopalganj,2025-05-01,385,495,27
Bihar,Gopalganj,2025-06-01,577,1145,51
Bihar,Gopalganj,2025-06-09,47,129,1
Bihar,Gopalganj,2025-06-10,50,152,2
Bihar,Gopalganj,2025-06-11,26,79,4
Bihar,Gopalganj,2025-06-12,41,142,5
Bihar,Gopalganj,2025-06-13,31,104,5
Bihar,Gopalganj,2025-06-14,30,59,2
Bihar,Gopalganj,2025-06-15,1,11,1
Bihar,Gopalganj,2025-06-16,67,203,10
Bihar,Gopalganj,2025-06-17,95,281,9
Bihar,Gopalganj,2025-06-18,42,165,4
Bihar,Gopalganj,2025-06-19,69,277,7
Bihar,Gopalganj,2025-07-01,882,1961,48
Bihar,Gopalganj,2025-09-01,66,163,3
Bihar,Gopalganj,2025-09-02,70,130,0
Bihar,Gopalganj,2025-09-03,66,77,0
Bihar,Gopalganj,2025-09-04,53,82,0
Bihar,Gopalganj,2025-09-05,22,22,1
Bihar,Gopalganj,2025-09-06,52,92,0
Bihar,Gopalganj,2025-09-07,7,18,0
Bihar,Gopalganj,2025-09-08,60,94,0
Bihar,Gopalganj,2025-09-09,73,115,0
Bihar,Gopalganj,2025-09-10,72,96,0
Bihar,Gopalganj,2025-09-11,54,88,0
Bihar,Gopalganj,2025-09-12,71,118,0
Bihar,Gopalganj,2025-09-13,38,61,0
Bihar,Gopalganj,2025-09-14,10,20,0
Bihar,Gopalganj,2025-09-15,38,73,0
Bihar,Gopalganj,2025-09-16,42,59,0
Bihar,Gopalganj,2025-09-17,20,43,0
Bihar,Gopalganj,2025-09-18,35,64,0
Bihar,Gopalganj,2025-09-19,19,39,0
Bihar,Gopalganj,2025-09-20,34,65,0
Bihar,Gopalganj,2025-09-21,4,7,1
Bihar,Gopalganj,2025-09-22,45,70,0
Bihar,Gopalganj,2025-09-23,51,71,0
Bihar,Gopalganj,2025-09-24,53,73,0
Bihar,Gopalganj,2025-09-25,37,71,0
Bihar,Gopalganj,2025-09-26,24,54,0
Bihar,Gopalganj,2025-09-27,10,32,2
Bihar,Gopalganj,2025-09-28,4,4,0
Bihar,Gopalganj,2025-09-29,2,10,0
Bihar,Gopalganj,2025-09-30,0,6,0
Bihar,Gopalganj,2025-10-13,79,152,6
Bihar,Gopalganj,2025-10-15,60,112,9
Bihar,Gopalganj,2025-10-16,32,109,12
Bihar,Gopalganj,2025-10-17,59,87,1
Bihar,Gopalganj,2025-10-18,111,185,0
Bihar,Gopalganj,2025-10-19,91,116,1
Bihar,Gopalganj,2025-10-20,24,53,0
Bihar,Gopalganj,2025-10-21,6,28,0
Bihar,Gopalganj,2025-10-23,0,0,1
Bihar,Gopalganj,2025-10-24,36,94,1
Bihar,Gopalganj,2025-10-25,69,120,3
Bihar,Gopalganj,2025-10-26,33,107,0
Bihar,Gopalganj,2025-10-27,18,76,0
Bihar,Gopalganj,2025-10-28,31,49,1
Bihar,Gopalganj,2025-10-29,24,25,1
Bihar,Gopalganj,2025-10-30,50,75,0
Bihar,Gopalganj,2025-10-31,54,82,1
Bihar,Gopalganj,2025-11-01,8,33,0
Bihar,Gopalganj,2025-11-02,61,105,0
Bihar,Gopalganj,2025-11-03,22,59,2
Bihar,Gopalganj,2025-11-04,0,1,0
Bihar,Gopalganj,2025-11-05,62,152,1
Bihar,Gopalganj,2025-11-06,26,63,4
Bihar,Gopalganj,2025-11-07,17,45,0
Bihar,Gopalganj,2025-11-08,51,69,0
Bihar,Gopalganj,2025-11-09,25,44,0
Bihar,Gopalganj,2025-11-10,72,98,4
Bihar,Gopalganj,2025-11-11,35,81,4
Bihar,Gopalganj,2025-11-12,34,86,1
Bihar,Gopalganj,2025-11-13,23,59,2
Bihar,Gopalganj,2025-11-14,41,60,0
Bihar,Gopalganj,2025-11-15,102,176,3
Bihar,Gopalganj,2025-11-16,28,54,2
Bihar,Gopalganj,2025-11-17,23,35,1
Bihar,Gopalganj,2025-11-18,44,85,1
Bihar,Gopalganj,2025-11-19,68,89,0
Bihar,Gopalganj,2025-11-25,29,46,0
Bihar,Gopalganj,2025-12-15,183,290,1
Bihar,Gopalganj,2025-12-21,36,1,0
Bihar,Gopalganj,2025-12-22,190,5,0
Bihar,Gopalganj,2025-12-23,71,0,0
Bihar,Gopalganj,2025-12-24,51,90,5
Bihar,Gopalganj,2025-12-25,37,188,2
Bihar,Gopalganj,2025-12-26,48,113,0
Bihar,Gopalganj,2025-12-27,32,117,0
Bihar,Gopalganj,2025-12-28,36,97,0
Bihar,Gopalganj,2025-12-29,54,93,0
Bihar,Gopalganj,2025-12-31,55,358,0
Bihar,Gopalganj,2026-01-01,118,274,3
Bihar,Gopalganj,2026-01-02,54,150,1
Bihar,Gopalganj,2026-01-03,2,77,0
Bihar,Jamui,2025-04-01,1015,647,30
Bihar,Jamui,2025-05-01,245,292,13
Bihar,Jamui,2025-06-01,323,426,23
Bihar,Jamui,2025-06-09,52,73,0
Bihar,Jamui,2025-06-10,84,87,3
Bihar,Jamui,2025-06-11,32,45,0
Bihar,Jamui,2025-06-12,43,81,5
Bihar,Jamui,2025-06-13,48,66,3
Bihar,Jamui,2025-06-14,39,47,0
Bihar,Jamui,2025-06-15,26,22,0
Bihar,Jamui,2025-06-16,45,61,2
Bihar,Jamui,2025-06-17,47,90,3
Bihar,Jamui,2025-06-18,24,48,2
Bihar,Jamui,2025-06-19,37,84,1
Bihar,Jamui,2025-09-01,59,71,0
Bihar,Jamui,2025-09-02,59,88,1
Bihar,Jamui,2025-09-03,63,62,2
Bihar,Jamui,2025-09-04,33,43,0
Bihar,Jamui,2025-09-05,21,13,0
Bihar,Jamui,2025-09-06,66,77,2
Bihar,Jamui,2025-09-07,13,18,0
Bihar,Jamui,2025-09-08,94,92,0
Bihar,Jamui,2025-09-09,66,89,0
Bihar,Jamui,2025-09-10,53,78,3
Bihar,Jamui,2025-09-11,34,52,0
Bihar,Jamui,2025-09-12,49,46,0
Bihar,Jamui,2025-09-13,41,44,2
Bihar,Jamui,2025-09-14,15,13,0
Bihar,Jamui,2025-09-15,36,25,0
Bihar,Jamui,2025-09-16,34,52,1
Bihar,Jamui,2025-09-17,15,25,3
Bihar,Jamui,2025-09-18,37,34,0
Bihar,Jamui,2025-09-19,45,69,2
Bihar,Jamui,2025-09-20,30,64,2
Bihar,Jamui,2025-09-21,9,7,0
Bihar,Jamui,2025-09-22,13,37,0
Bihar,Jamui,2025-09-23,38,39,0
Bihar,Jamui,2025-09-24,32,49,0
Bihar,Jamui,2025-09-25,32,28,1
Bihar,Jamui,2025-09-26,18,29,1
Bihar,Jamui,2025-09-27,7,14,0
Bihar,Jamui,2025-09-28,1,8,0
Bihar,Jamui,2025-09-29,1,0,1
Bihar,Jamui,2025-10-13,111,138,13
Bihar,Jamui,2025-10-15,85,90,10
Bihar,Jamui,2025-10-16,52,68,10
Bihar,Jamui,2025-10-17,125,114,2
Bihar,Jamui,2025-10-18,75,98,4
Bihar,Jamui,2025-10-19,81,83,2
Bihar,Jamui,2025-10-20,25,35,0
Bihar,Jamui,2025-10-21,6,6,0
Bihar,Jamui,2025-10-22,0,1,1
Bihar,Jamui,2025-10-23,0,0,3
Bihar,Jamui,2025-10-24,46,43,5
Bihar,Jamui,2025-10-25,86,63,0
Bihar,Jamui,2025-10-26,31,43,2
Bihar,Jamui,2025-10-27,18,39,0
Bihar,Jamui,2025-10-28,18,38,1
Bihar,Jamui,2025-10-29,21,20,1
Bihar,Jamui,2025-10-30,58,42,1
Bihar,Jamui,2025-10-31,40,45,0
Bihar,Jamui,2025-11-01,18,22,0
Bihar,Jamui,2025-11-02,73,75,0
Bihar,Jamui,2025-11-03,24,17,2
Bihar,Jamui,2025-11-04,2,1,0
Bihar,Jamui,2025-11-05,129,112,0
Bihar,Jamui,2025-11-06,58,81,2
Bihar,Jamui,2025-11-07,61,54,1
Bihar,Jamui,2025-11-08,64,66,1
Bihar,Jamui,2025-11-09,60,48,2
Bihar,Jamui,2025-11-10,73,73,1
Bihar,Jamui,2025-11-11,27,25,1
Bihar,Jamui,2025-11-12,18,28,2
Bihar,Jamui,2025-11-13,14,21,0
Bihar,Jamui,2025-11-14,25,23,2
Bihar,Jamui,2025-11-15,122,80,1
Bihar,Jamui,2025-11-16,30,45,0
Bihar,Jamui,2025-11-17,25,10,0
Bihar,Jamui,2025-11-18,33,32,0
Bihar,Jamui,2025-11-19,103,59,0
Bihar,Jamui,2025-11-25,38,24,0
Bihar,Jamui,2025-12-15,99,91,0
Bihar,Jamui,2025-12-21,21,0,0
Bihar,Jamui,2025-12-22,120,3,0
Bihar,Jamui,2025-12-23,31,1,0
Bihar,Jamui,2025-12-24,27,18,5
Bihar,Jamui,2025-12-25,14,48,0
Bihar,Jamui,2025-12-26,66,44,0
Bihar,Jamui,2025-12-27,75,64,0
Bihar,Jamui,2025-12-28,74,61,0
Bihar,Jamui,2025-12-29,82,60,0
Bihar,Jamui,2025-12-31,134,156,6
Bihar,Jamui,2026-01-01,118,179,6
Bihar,Jamui,2026-01-02,88,102,4
Bihar,Jamui,2026-01-03,4,31,1
Bihar,Jehanabad,2025-04-01,78,292,48
Bihar,Jehanabad,2025-06-09,13,106,2
Bihar,Jehanabad,2025-06-10,11,97,1
Bihar,Jehanabad,2025-06-11,5,25,0
Bihar,Jehanabad,2025-06-12,11,82,1
Bihar,Jehanabad,2025-06-13,3,54,2
Bihar,Jehanabad,2025-06-14,4,48,1
Bihar,Jehanabad,2025-06-15,1,10,1
Bihar,Jehanabad,2025-06-16,8,77,2
Bihar,Jehanabad,2025-06-17,9,119,3
Bihar,Jehanabad,2025-06-18,6,61,2
Bihar,Jehanabad,2025-06-19,14,100,7
Bihar,Jehanabad,2025-07-01,27,219,10
Bihar,Jehanabad,2025-09-01,8,53,0
Bihar,Jehanabad,2025-09-02,12,77,2
Bihar,Jehanabad,2025-09-03,7,34,0
Bihar,Jehanabad,2025-09-04,8,22,0
Bihar,Jehanabad,2025-09-05,5,14,0
Bihar,Jehanabad,2025-09-06,9,30,0
Bihar,Jehanabad,2025-09-07,2,19,0
Bihar,Jehanabad,2025-09-08,13,51,0
Bihar,Jehanabad,2025-09-09,16,53,0
Bihar,Jehanabad,2025-09-10,12,70,1
Bihar,Jehanabad,2025-09-11,9,36,2
Bihar,Jehanabad,2025-09-12,11,43,0
Bihar,Jehanabad,2025-09-13,9,32,0
Bihar,Jehanabad,2025-09-14,6,21,0
Bihar,Jehanabad,2025-09-15,6,29,0
Bihar,Jehanabad,2025-09-16,8,58,2
Bihar,Jehanabad,2025-09-17,3,22,0
Bihar,Jehanabad,2025-09-18,10,50,0
Bihar,Jehanabad,2025-09-19,11,49,1
Bihar,Jehanabad,2025-09-20,7,48,0
Bihar,Jehanabad,2025-09-21,0,18,1
Bihar,Jehanabad,2025-09-22,8,31,0
Bihar,Jehanabad,2025-09-23,17,56,0
Bihar,Jehanabad,2025-09-24,5,31,0
Bihar,Jehanabad,2025-09-25,13,39,0
Bihar,Jehanabad,2025-09-26,15,48,0
Bihar,Jehanabad,2025-09-27,4,11,0
Bihar,Jehanabad,2025-09-28,1,5,0
Bihar,Jehanabad,2025-09-29,0,3,0
Bihar,Jehanabad,2025-09-30,0,1,0
Bihar,Jehanabad,2025-10-13,21,76,8
Bihar,Jehanabad,2025-10-15,12,69,4
Bihar,Jehanabad,2025-10-16,7,44,5
Bihar,Jehanabad,2025-10-17,12,69,1
Bihar,Jehanabad,2025-10-18,21,48,0
Bihar,Jehanabad,2025-10-19,22,58,1
Bihar,Jehanabad,2025-10-20,4,13,0
Bihar,Jehanabad,2025-10-21,0,11,0
Bihar,Jehanabad,2025-10-22,0,0,2
Bihar,Jehanabad,2025-10-23,0,1,25
Bihar,Jehanabad,2025-10-24,7,41,1
Bihar,Jehanabad,2025-10-25,25,84,3
Bihar,Jehanabad,2025-10-26,7,61,0
Bihar,Jehanabad,2025-10-27,6,36,0
Bihar,Jehanabad,2025-10-28,11,37,0
Bihar,Jehanabad,2025-10-29,8,24,1
Bihar,Jehanabad,2025-10-30,17,65,0
Bihar,Jehanabad,2025-10-31,13,50,1
Bihar,Jehanabad,2025-11-01,3,25,0
Bihar,Jehanabad,2025-11-02,20,89,1
Bihar,Jehanabad,2025-11-03,10,32,5
Bihar,Jehanabad,2025-11-04,0,2,0
Bihar,Jehanabad,2025-11-05,16,80,1
Bihar,Jehanabad,2025-11-06,4,38,0
Bihar,Jehanabad,2025-11-07,4,40,0
Bihar,Jehanabad,2025-11-08,11,53,2
Bihar,Jehanabad,2025-11-09,9,37,0
Bihar,Jehanabad,2025-11-10,20,55,0
Bihar,Jehanabad,2025-11-11,4,19,0
Bihar,Jehanabad,2025-11-12,0,16,1
Bihar,Jehanabad,2025-11-13,4,14,1
Bihar,Jehanabad,2025-11-14,2,13,0
Bihar,Jehanabad,2025-11-15,12,55,2
Bihar,Jehanabad,2025-11-16,4,23,1
Bihar,Jehanabad,2025-11-17,4,5,0
Bihar,Jehanabad,2025-11-18,10,49,1
Bihar,Jehanabad,2025-11-19,29,85,1
Bihar,Jehanabad,2025-11-25,12,61,2
Bihar,Jehanabad,2025-12-15,40,158,0
Bihar,Jehanabad,2025-12-21,14,0,0
Bihar,Jehanabad,2025-12-22,52,0,0
Bihar,Jehanabad,2025-12-23,26,1,0
Bihar,Jehanabad,2025-12-24,19,36,1
Bihar,Jehanabad,2025-12-25,7,86,2
Bihar,Jehanabad,2025-12-26,11,46,1
Bihar,Jehanabad,2025-12-27,11,49,0
Bihar,Jehanabad,2025-12-28,4,22,0
Bihar,Jehanabad,2025-12-29,13,29,0
Bihar,Jehanabad,2025-12-31,17,215,3
Bihar,Jehanabad,2026-01-01,35,142,0
Bihar,Jehanabad,2026-01-02,20,121,2
Bihar,Jehanabad,2026-01-03,0,38,1
Bihar,Kaimur (Bhabua),2025-04-01,146,199,12
Bihar,Kaimur (Bhabua),2025-05-01,273,642,22
Bihar,Kaimur (Bhabua),2025-06-01,165,536,10
Bihar,Kaimur (Bhabua),2025-06-09,26,112,1
Bihar,Kaimur (Bhabua),2025-06-10,20,72,2
Bihar,Kaimur (Bhabua),2025-06-11,18,46,0
Bihar,Kaimur (Bhabua),2025-06-12,22,77,0
Bihar,Kaimur (Bhabua),2025-06-13,18,79,0
Bihar,Kaimur (Bhabua),2025-06-14,11,67,1
Bihar,Kaimur (Bhabua),2025-06-15,2,10,1
Bihar,Kaimur (Bhabua),2025-06-16,30,84,0
Bihar,Kaimur (Bhabua),2025-06-17,37,115,0
Bihar,Kaimur (Bhabua),2025-06-18,13,56,0
Bihar,Kaimur (Bhabua),2025-06-19,44,121,2
Bihar,Kaimur (Bhabua),2025-07-01,264,420,10
Bihar,Kaimur (Bhabua),2025-09-01,30,67,0
Bihar,Kaimur (Bhabua),2025-09-02,29,86,0
Bihar,Kaimur (Bhabua),2025-09-03,42,89,0
Bihar,Kaimur (Bhabua),2025-09-04,55,74,0
Bihar,Kaimur (Bhabua),2025-09-05,4,5,0
Bihar,Kaimur (Bhabua),2025-09-06,36,46,0
Bihar,Kaimur (Bhabua),2025-09-07,8,11,0
Bihar,Kaimur (Bhabua),2025-09-08,44,67,0
Bihar,Kaimur (Bhabua),2025-09-09,52,59,0
Bihar,Kaimur (Bhabua),2025-09-10,41,76,1
Bihar,Kaimur (Bhabua),2025-09-11,61,52,2
Bihar,Kaimur (Bhabua),2025-09-12,43,95,0
Bihar,Kaimur (Bhabua),2025-09-13,35,53,0
Bihar,Kaimur (Bhabua),2025-09-14,2,4,0
Bihar,Kaimur (Bhabua),2025-09-15,30,48,0
Bihar,Kaimur (Bhabua),2025-09-16,30,86,0
Bihar,Kaimur (Bhabua),2025-09-17,19,42,0
Bihar,Kaimur (Bhabua),2025-09-18,33,56,0
Bihar,Kaimur (Bhabua),2025-09-19,29,52,0
Bihar,Kaimur (Bhabua),2025-09-20,21,27,0
Bihar,Kaimur (Bhabua),2025-09-21,1,6,1
Bihar,Kaimur (Bhabua),2025-09-22,22,46,0
Bihar,Kaimur (Bhabua),2025-09-23,28,45,0
Bihar,Kaimur (Bhabua),2025-09-24,29,49,0
Bihar,Kaimur (Bhabua),2025-09-25,23,58,0
Bihar,Kaimur (Bhabua),2025-09-26,19,26,0
Bihar,Kaimur (Bhabua),2025-09-27,9,12,0
Bihar,Kaimur (Bhabua),2025-09-28,1,1,0
Bihar,Kaimur (Bhabua),2025-09-29,2,4,0
Bihar,Kaimur (Bhabua),2025-09-30,0,1,0
Bihar,Kaimur (Bhabua),2025-10-13,30,65,4
Bihar,Kaimur (Bhabua),2025-10-15,34,53,2
Bihar,Kaimur (Bhabua),2025-10-16,10,23,5
Bihar,Kaimur (Bhabua),2025-10-17,75,72,1
Bihar,Kaimur (Bhabua),2025-10-18,46,65,1
Bihar,Kaimur (Bhabua),2025-10-19,50,32,0
Bihar,Kaimur (Bhabua),2025-10-20,5,16,0
Bihar,Kaimur (Bhabua),2025-10-21,4,2,0
Bihar,Kaimur (Bhabua),2025-10-22,0,1,0
Bihar,Kaimur (Bhabua),2025-10-23,0,0,1
Bihar,Kaimur (Bhabua),2025-10-24,22,28,2
Bihar,Kaimur (Bhabua),2025-10-25,56,58,0
Bihar,Kaimur (Bhabua),2025-10-26,15,27,0
Bihar,Kaimur (Bhabua),2025-10-27,12,11,0
Bihar,Kaimur (Bhabua),2025-10-28,25,24,0
Bihar,Kaimur (Bhabua),2025-10-29,15,16,1
Bihar,Kaimur (Bhabua),2025-10-30,30,46,1
Bihar,Kaimur (Bhabua),2025-10-31,27,46,0
Bihar,Kaimur (Bhabua),2025-11-01,7,3,0
Bihar,Kaimur (Bhabua),2025-11-02,58,63,0
Bihar,Kaimur (Bhabua),2025-11-03,14,9,0
Bihar,Kaimur (Bhabua),2025-11-04,1,0,0
Bihar,Kaimur (Bhabua),2025-11-05,57,60,0
Bihar,Kaimur (Bhabua),2025-11-06,26,19,1
Bihar,Kaimur (Bhabua),2025-11-07,13,14,0
Bihar,Kaimur (Bhabua),2025-11-08,17,25,0
Bihar,Kaimur (Bhabua),2025-11-09,23,19,0
Bihar,Kaimur (Bhabua),2025-11-10,30,24,0
Bihar,Kaimur (Bhabua),2025-11-11,16,16,3
Bihar,Kaimur (Bhabua),2025-11-12,4,4,0
Bihar,Kaimur (Bhabua),2025-11-13,5,3,0
Bihar,Kaimur (Bhabua),2025-11-14,10,5,0
Bihar,Kaimur (Bhabua),2025-11-15,59,60,0
Bihar,Kaimur (Bhabua),2025-11-16,20,25,0
Bihar,Kaimur (Bhabua),2025-11-17,10,9,0
Bihar,Kaimur (Bhabua),2025-11-18,26,37,0
Bihar,Kaimur (Bhabua),2025-11-19,94,69,4
Bihar,Kaimur (Bhabua),2025-11-25,17,36,0
Bihar,Kaimur (Bhabua),2025-12-15,110,162,0
Bihar,Kaimur (Bhabua),2025-12-21,20,2,0
Bihar,Kaimur (Bhabua),2025-12-22,101,0,0
Bihar,Kaimur (Bhabua),2025-12-23,26,0,0
Bihar,Kaimur (Bhabua),2025-12-24,22,30,5
Bihar,Kaimur (Bhabua),2025-12-25,19,51,1
Bihar,Kaimur (Bhabua),2025-12-26,27,23,0
Bihar,Kaimur (Bhabua),2025-12-27,18,22,0
Bihar,Kaimur (Bhabua),2025-12-28,27,10,0
Bihar,Kaimur (Bhabua),2025-12-29,25,35,1
Bihar,Kaimur (Bhabua),2025-12-31,54,146,1
Bihar,Kaimur (Bhabua),2026-01-01,63,112,0
Bihar,Kaimur (Bhabua),2026-01-02,34,69,0
Bihar,Kaimur (Bhabua),2026-01-03,0,23,0
Bihar,Katihar,2025-05-01,270,215,10
Bihar,Katihar,2025-06-01,488,463,34
Bihar,Katihar,2025-06-09,155,96,1
Bihar,Katihar,2025-06-10,160,118,0
Bihar,Katihar,2025-06-11,33,28,1
Bihar,Katihar,2025-06-12,162,110,0
Bihar,Katihar,2025-06-13,142,80,1
Bihar,Katihar,2025-06-14,95,77,0
Bihar,Katihar,2025-06-15,12,13,0
Bihar,Katihar,2025-06-16,141,109,4
Bihar,Katihar,2025-06-17,176,135,1
Bihar,Katihar,2025-06-18,125,101,1
Bihar,Katihar,2025-06-19,152,109,1
Bihar,Katihar,2025-09-01,176,102,0
Bihar,Katihar,2025-09-02,166,94,1
Bihar,Katihar,2025-09-03,166,73,0
Bihar,Katihar,2025-09-04,130,56,0
Bihar,Katihar,2025-09-05,34,16,1
Bihar,Katihar,2025-09-06,168,110,0
Bihar,Katihar,2025-09-07,14,9,0
Bihar,Katihar,2025-09-08,238,109,0
Bihar,Katihar,2025-09-09,230,110,0
Bihar,Katihar,2025-09-10,183,73,0
Bihar,Katihar,2025-09-11,167,86,0
Bihar,Katihar,2025-09-12,135,112,0
Bihar,Katihar,2025-09-13,157,80,0
Bihar,Katihar,2025-09-14,28,10,0
Bihar,Katihar,2025-09-15,131,52,0
Bihar,Katihar,2025-09-16,119,53,0
Bihar,Katihar,2025-09-17,78,50,0
Bihar,Katihar,2025-09-18,119,64,0
Bihar,Katihar,2025-09-19,149,74,0
Bihar,Katihar,2025-09-20,106,55,0
Bihar,Katihar,2025-09-21,2,1,0
Bihar,Katihar,2025-09-22,162,85,0
Bihar,Katihar,2025-09-23,182,66,1
Bihar,Katihar,2025-09-24,224,41,0
Bihar,Katihar,2025-09-25,169,66,1
Bihar,Katihar,2025-09-26,123,48,0
Bihar,Katihar,2025-09-27,57,19,1
Bihar,Katihar,2025-09-28,8,5,0
Bihar,Katihar,2025-09-29,10,3,1
Bihar,Katihar,2025-09-30,0,2,0
Bihar,Katihar,2025-10-13,316,100,6
Bihar,Katihar,2025-10-15,196,77,7
Bihar,Katihar,2025-10-16,139,53,4
Bihar,Katihar,2025-10-17,308,105,0
Bihar,Katihar,2025-10-18,262,99,0
Bihar,Katihar,2025-10-19,283,65,0
Bihar,Katihar,2025-10-20,71,19,0
Bihar,Katihar,2025-10-21,31,9,0
Bihar,Katihar,2025-10-23,1,0,0
Bihar,Katihar,2025-10-24,153,51,1
Bihar,Katihar,2025-10-25,176,61,0
Bihar,Katihar,2025-10-26,74,36,0
Bihar,Katihar,2025-10-27,77,34,0
Bihar,Katihar,2025-10-28,82,40,0
Bihar,Katihar,2025-10-29,65,25,0
Bihar,Katihar,2025-10-30,163,60,1
Bihar,Katihar,2025-10-31,114,47,5
Bihar,Katihar,2025-11-01,17,12,4
Bihar,Katihar,2025-11-02,164,66,1
Bihar,Katihar,2025-11-03,70,28,3
Bihar,Katihar,2025-11-04,5,2,0
Bihar,Katihar,2025-11-05,287,120,2
Bihar,Katihar,2025-11-06,131,43,3
Bihar,Katihar,2025-11-07,112,49,3
Bihar,Katihar,2025-11-08,125,45,3
Bihar,Katihar,2025-11-09,113,43,2
Bihar,Katihar,2025-11-10,180,78,2
Bihar,Katihar,2025-11-11,56,36,2
Bihar,Katihar,2025-11-12,42,13,3
Bihar,Katihar,2025-11-13,12,10,0
Bihar,Katihar,2025-11-14,32,15,0
Bihar,Katihar,2025-11-15,248,88,1
Bihar,Katihar,2025-11-16,83,33,2
Bihar,Katihar,2025-11-17,47,12,1
Bihar,Katihar,2025-11-18,178,45,0
Bihar,Katihar,2025-11-19,282,68,1
Bihar,Katihar,2025-11-25,112,48,0
Bihar,Katihar,2025-12-15,414,184,0
Bihar,Katihar,2025-12-21,73,1,0
Bihar,Katihar,2025-12-22,406,3,0
Bihar,Katihar,2025-12-23,147,4,0
Bihar,Katihar,2025-12-24,86,41,2
Bihar,Katihar,2025-12-25,69,67,3
Bihar,Katihar,2025-12-26,150,42,0
Bihar,Katihar,2025-12-27,131,45,0
Bihar,Katihar,2025-12-28,168,68,1
Bihar,Katihar,2025-12-29,157,40,1
Bihar,Katihar,2025-12-31,194,248,4
Bihar,Katihar,2026-01-01,350,171,1
Bihar,Katihar,2026-01-02,230,105,1
Bihar,Katihar,2026-01-03,20,38,0
Bihar,Khagaria,2025-06-09,66,110,1
Bihar,Khagaria,2025-06-10,71,101,4
Bihar,Khagaria,2025-06-11,28,50,2
Bihar,Khagaria,2025-06-12,48,70,4
Bihar,Khagaria,2025-06-13,42,93,1
Bihar,Khagaria,2025-06-14,24,38,2
Bihar,Khagaria,2025-06-15,4,4,0
Bihar,Khagaria,2025-06-16,65,102,3
Bihar,Khagaria,2025-06-17,88,148,7
Bihar,Khagaria,2025-06-18,64,98,2
Bihar,Khagaria,2025-06-19,75,118,0
Bihar,Khagaria,2025-09-01,88,132,2
Bihar,Khagaria,2025-09-02,74,103,1
Bihar,Khagaria,2025-09-03,88,82,2
Bihar,Khagaria,2025-09-04,59,61,1
Bihar,Khagaria,2025-09-05,42,37,5
Bihar,Khagaria,2025-09-06,66,77,0
Bihar,Khagaria,2025-09-07,5,12,2
Bihar,Khagaria,2025-09-08,92,69,1
Bihar,Khagaria,2025-09-09,82,86,1
Bihar,Khagaria,2025-09-10,62,65,0
Bihar,Khagaria,2025-09-11,65,83,5
Bihar,Khagaria,2025-09-12,73,101,0
Bihar,Khagaria,2025-09-13,39,40,3
Bihar,Khagaria,2025-09-14,2,14,1
Bihar,Khagaria,2025-09-15,32,33,0
Bihar,Khagaria,2025-09-16,48,56,1
Bihar,Khagaria,2025-09-17,31,27,2
Bihar,Khagaria,2025-09-18,66,41,0
Bihar,Khagaria,2025-09-19,76,75,0
Bihar,Khagaria,2025-09-20,29,35,0
Bihar,Khagaria,2025-09-21,1,1,0
Bihar,Khagaria,2025-09-22,45,54,0
Bihar,Khagaria,2025-09-23,89,51,1
Bihar,Khagaria,2025-09-24,87,47,0
Bihar,Khagaria,2025-09-25,64,49,1
Bihar,Khagaria,2025-09-26,50,30,0
Bihar,Khagaria,2025-09-27,14,17,1
Bihar,Khagaria,2025-09-28,3,9,0
Bihar,Khagaria,2025-09-29,8,6,0
Bihar,Khagaria,2025-09-30,0,4,0
Bihar,Khagaria,2025-10-13,100,85,3
Bihar,Khagaria,2025-10-15,82,84,2
Bihar,Khagaria,2025-10-16,49,44,4
Bihar,Khagaria,2025-10-17,135,114,0
Bihar,Khagaria,2025-10-18,53,53,0
Bihar,Khagaria,2025-10-19,81,74,1
Bihar,Khagaria,2025-10-20,10,14,0
Bihar,Khagaria,2025-10-21,7,8,0
Bihar,Khagaria,2025-10-22,0,2,0
Bihar,Khagaria,2025-10-23,0,0,1
Bihar,Khagaria,2025-10-24,26,39,0
Bihar,Khagaria,2025-10-25,95,57,0
Bihar,Khagaria,2025-10-26,28,33,0
Bihar,Khagaria,2025-10-27,21,16,0
Bihar,Khagaria,2025-10-28,14,17,0
Bihar,Khagaria,2025-10-29,13,6,0
Bihar,Khagaria,2025-10-30,62,33,1
Bihar,Khagaria,2025-10-31,50,62,0
Bihar,Khagaria,2025-11-01,7,20,0
Bihar,Khagaria,2025-11-02,63,61,0
Bihar,Khagaria,2025-11-03,22,17,0
Bihar,Khagaria,2025-11-04,1,2,0
Bihar,Khagaria,2025-11-05,69,63,1
Bihar,Khagaria,2025-11-06,12,35,3
Bihar,Khagaria,2025-11-07,13,23,1
Bihar,Khagaria,2025-11-08,32,28,0
Bihar,Khagaria,2025-11-09,23,20,2
Bihar,Khagaria,2025-11-10,48,47,0
Bihar,Khagaria,2025-11-11,34,29,0
Bihar,Khagaria,2025-11-12,40,53,1
Bihar,Khagaria,2025-11-13,29,31,0
Bihar,Khagaria,2025-11-14,45,32,2
Bihar,Khagaria,2025-11-15,113,99,1
Bihar,Khagaria,2025-11-16,36,38,1
Bihar,Khagaria,2025-11-17,21,15,0
Bihar,Khagaria,2025-11-18,54,45,1
Bihar,Khagaria,2025-11-19,125,76,1
Bihar,Khagaria,2025-11-25,57,61,1
Bihar,Khagaria,2025-12-15,254,186,0
Bihar,Khagaria,2025-12-21,80,0,0
Bihar,Khagaria,2025-12-22,260,8,0
Bihar,Khagaria,2025-12-23,67,5,0
Bihar,Khagaria,2025-12-24,65,69,2
Bihar,Khagaria,2025-12-25,43,100,0
Bihar,Khagaria,2025-12-26,83,71,1
Bihar,Khagaria,2025-12-27,82,71,0
Bihar,Khagaria,2025-12-28,128,83,0
Bihar,Khagaria,2025-12-29,68,47,1
Bihar,Khagaria,2025-12-31,122,285,12
Bihar,Khagaria,2026-01-01,155,169,3
Bihar,Khagaria,2026-01-02,121,104,2
Bihar,Khagaria,2026-01-03,6,43,1
Bihar,Kishanganj,2025-06-09,55,33,1
Bihar,Kishanganj,2025-06-10,60,36,1
Bihar,Kishanganj,2025-06-11,38,21,0
Bihar,Kishanganj,2025-06-12,69,36,0
Bihar,Kishanganj,2025-06-13,35,19,0
Bihar,Kishanganj,2025-06-14,37,23,2
Bihar,Kishanganj,2025-06-15,4,3,0
Bihar,Kishanganj,2025-06-16,66,36,2
Bihar,Kishanganj,2025-06-17,71,45,0
Bihar,Kishanganj,2025-06-18,66,27,0
Bihar,Kishanganj,2025-06-19,34,47,0
Bihar,Kishanganj,2025-09-01,74,32,0
Bihar,Kishanganj,2025-09-02,108,31,0
Bihar,Kishanganj,2025-09-03,118,42,1
Bihar,Kishanganj,2025-09-04,89,43,0
Bihar,Kishanganj,2025-09-05,30,11,0
Bihar,Kishanganj,2025-09-06,91,30,0
Bihar,Kishanganj,2025-09-07,130,20,0
Bihar,Kishanganj,2025-09-08,103,18,0
Bihar,Kishanganj,2025-09-09,113,38,0
Bihar,Kishanganj,2025-09-10,115,29,0
Bihar,Kishanganj,2025-09-11,116,40,0
Bihar,Kishanganj,2025-09-12,108,23,0
Bihar,Kishanganj,2025-09-13,67,24,0
Bihar,Kishanganj,2025-09-14,82,10,0
Bihar,Kishanganj,2025-09-15,68,12,1
Bihar,Kishanganj,2025-09-16,89,17,0
Bihar,Kishanganj,2025-09-17,69,12,0
Bihar,Kishanganj,2025-09-18,111,19,0
Bihar,Kishanganj,2025-09-19,74,20,1
Bihar,Kishanganj,2025-09-20,51,23,0
Bihar,Kishanganj,2025-09-21,2,2,0
Bihar,Kishanganj,2025-09-22,68,25,0
Bihar,Kishanganj,2025-09-23,84,30,0
Bihar,Kishanganj,2025-09-24,141,46,0
Bihar,Kishanganj,2025-09-25,127,38,0
Bihar,Kishanganj,2025-09-26,81,17,0
Bihar,Kishanganj,2025-09-27,36,6,0
Bihar,Kishanganj,2025-09-28,17,0,0
Bihar,Kishanganj,2025-09-29,5,5,0
Bihar,Kishanganj,2025-09-30,1,1,0
Bihar,Kishanganj,2025-10-13,236,47,1
Bihar,Kishanganj,2025-10-15,180,27,1
Bihar,Kishanganj,2025-10-16,104,28,1
Bihar,Kishanganj,2025-10-17,273,65,1
Bihar,Kishanganj,2025-10-18,226,47,0
Bihar,Kishanganj,2025-10-19,200,34,0
Bihar,Kishanganj,2025-10-20,66,17,0
Bihar,Kishanganj,2025-10-21,28,11,0
Bihar,Kishanganj,2025-10-22,1,0,0
Bihar,Kishanganj,2025-10-23,1,0,1
Bihar,Kishanganj,2025-10-24,98,44,0
Bihar,Kishanganj,2025-10-25,118,32,0
Bihar,Kishanganj,2025-10-26,49,28,0
Bihar,Kishanganj,2025-10-27,36,20,0
Bihar,Kishanganj,2025-10-28,40,17,0
Bihar,Kishanganj,2025-10-29,28,6,0
Bihar,Kishanganj,2025-10-30,114,35,0
Bihar,Kishanganj,2025-10-31,70,27,0
Bihar,Kishanganj,2025-11-01,11,4,0
Bihar,Kishanganj,2025-11-02,84,21,1
Bihar,Kishanganj,2025-11-03,30,12,0
Bihar,Kishanganj,2025-11-04,1,1,0
Bihar,Kishanganj,2025-11-05,167,41,0
Bihar,Kishanganj,2025-11-06,96,20,1
Bihar,Kishanganj,2025-11-07,53,12,0
Bihar,Kishanganj,2025-11-08,62,19,2
Bihar,Kishanganj,2025-11-09,77,14,1
Bihar,Kishanganj,2025-11-10,79,30,1
Bihar,Kishanganj,2025-11-11,28,20,1
Bihar,Kishanganj,2025-11-12,9,6,0
Bihar,Kishanganj,2025-11-13,12,5,0
Bihar,Kishanganj,2025-11-14,18,7,0
Bihar,Kishanganj,2025-11-15,114,21,1
Bihar,Kishanganj,2025-11-16,35,12,0
Bihar,Kishanganj,2025-11-17,24,9,0
Bihar,Kishanganj,2025-11-18,110,18,2
Bihar,Kishanganj,2025-11-19,217,28,0
Bihar,Kishanganj,2025-11-25,97,18,0
Bihar,Kishanganj,2025-12-15,140,67,2
Bihar,Kishanganj,2025-12-21,50,0,0
Bihar,Kishanganj,2025-12-22,219,6,0
Bihar,Kishanganj,2025-12-23,63,1,0
Bihar,Kishanganj,2025-12-24,33,13,2
Bihar,Kishanganj,2025-12-25,20,30,0
Bihar,Kishanganj,2025-12-26,116,16,0
Bihar,Kishanganj,2025-12-27,74,5,0
Bihar,Kishanganj,2025-12-28,121,10,0
Bihar,Kishanganj,2025-12-29,152,13,0
Bihar,Kishanganj,2025-12-31,205,77,2
Bihar,Kishanganj,2026-01-01,155,59,0
Bihar,Kishanganj,2026-01-02,137,34,0
Bihar,Kishanganj,2026-01-03,20,10,0
Bihar,Lakhisarai,2025-06-01,298,478,10
Bihar,Lakhisarai,2025-06-09,29,60,0
Bihar,Lakhisarai,2025-06-10,31,74,1
Bihar,Lakhisarai,2025-06-11,4,21,0
Bihar,Lakhisarai,2025-06-12,16,30,1
Bihar,Lakhisarai,2025-06-13,20,40,1
Bihar,Lakhisarai,2025-06-14,16,37,1
Bihar,Lakhisarai,2025-06-15,4,13,0
Bihar,Lakhisarai,2025-06-16,22,62,1
Bihar,Lakhisarai,2025-06-17,21,76,5
Bihar,Lakhisarai,2025-06-18,22,38,2
Bihar,Lakhisarai,2025-06-19,34,56,1
Bihar,Lakhisarai,2025-07-01,607,972,29
Bihar,Lakhisarai,2025-09-01,33,51,0
Bihar,Lakhisarai,2025-09-02,28,49,0
Bihar,Lakhisarai,2025-09-03,39,53,2
Bihar,Lakhisarai,2025-09-04,24,17,0
Bihar,Lakhisarai,2025-09-05,6,3,0
Bihar,Lakhisarai,2025-09-06,27,32,0
Bihar,Lakhisarai,2025-09-07,0,2,0
Bihar,Lakhisarai,2025-09-08,49,41,0
Bihar,Lakhisarai,2025-09-09,41,52,1
Bihar,Lakhisarai,2025-09-10,26,46,1
Bihar,Lakhisarai,2025-09-11,18,28,0
Bihar,Lakhisarai,2025-09-12,34,32,0
Bihar,Lakhisarai,2025-09-13,16,21,0
Bihar,Lakhisarai,2025-09-14,6,2,0
Bihar,Lakhisarai,2025-09-15,20,19,0
Bihar,Lakhisarai,2025-09-16,16,21,0
Bihar,Lakhisarai,2025-09-17,6,8,0
Bihar,Lakhisarai,2025-09-18,22,18,1
Bihar,Lakhisarai,2025-09-19,22,21,0
Bihar,Lakhisarai,2025-09-20,6,17,0
Bihar,Lakhisarai,2025-09-21,1,2,0
Bihar,Lakhisarai,2025-09-22,12,12,0
Bihar,Lakhisarai,2025-09-23,6,17,0
Bihar,Lakhisarai,2025-09-24,17,17,0
Bihar,Lakhisarai,2025-09-25,28,19,0
Bihar,Lakhisarai,2025-09-26,16,12,1
Bihar,Lakhisarai,2025-09-27,4,8,0
Bihar,Lakhisarai,2025-09-29,0,2,0
Bihar,Lakhisarai,2025-10-13,43,30,2
Bihar,Lakhisarai,2025-10-15,21,20,5
Bihar,Lakhisarai,2025-10-16,17,10,4
Bihar,Lakhisarai,2025-10-17,21,24,0
Bihar,Lakhisarai,2025-10-18,25,23,2
Bihar,Lakhisarai,2025-10-19,23,16,1
Bihar,Lakhisarai,2025-10-20,4,7,0
Bihar,Lakhisarai,2025-10-21,0,7,0
Bihar,Lakhisarai,2025-10-24,15,12,2
Bihar,Lakhisarai,2025-10-25,23,31,0
Bihar,Lakhisarai,2025-10-26,6,18,0
Bihar,Lakhisarai,2025-10-27,4,14,0
Bihar,Lakhisarai,2025-10-28,9,9,0
Bihar,Lakhisarai,2025-10-29,4,3,0
Bihar,Lakhisarai,2025-10-30,17,26,1
Bihar,Lakhisarai,2025-10-31,14,30,1
Bihar,Lakhisarai,2025-11-01,4,4,0
Bihar,Lakhisarai,2025-11-02,46,54,0
Bihar,Lakhisarai,2025-11-03,12,18,0
Bihar,Lakhisarai,2025-11-05,54,62,0
Bihar,Lakhisarai,2025-11-06,15,18,1
Bihar,Lakhisarai,2025-11-07,8,8,1
Bihar,Lakhisarai,2025-11-08,16,32,0
Bihar,Lakhisarai,2025-11-09,18,15,0
Bihar,Lakhisarai,2025-11-10,42,46,0
Bihar,Lakhisarai,2025-11-11,21,32,1
Bihar,Lakhisarai,2025-11-12,16,30,0
Bihar,Lakhisarai,2025-11-13,18,24,0
Bihar,Lakhisarai,2025-11-14,22,27,0
Bihar,Lakhisarai,2025-11-15,80,86,0
Bihar,Lakhisarai,2025-11-16,30,29,0
Bihar,Lakhisarai,2025-11-17,7,12,0
Bihar,Lakhisarai,2025-11-18,33,35,1
Bihar,Lakhisarai,2025-11-19,111,82,0
Bihar,Lakhisarai,2025-11-25,21,39,0
Bihar,Lakhisarai,2025-12-15,104,136,0
Bihar,Lakhisarai,2025-12-21,18,0,0
Bihar,Lakhisarai,2025-12-22,115,0,0
Bihar,Lakhisarai,2025-12-23,31,1,0
Bihar,Lakhisarai,2025-12-24,24,31,2
Bihar,Lakhisarai,2025-12-25,21,59,0
Bihar,Lakhisarai,2025-12-26,33,30,0
Bihar,Lakhisarai,2025-12-27,17,15,0
Bihar,Lakhisarai,2025-12-28,15,15,0
Bihar,Lakhisarai,2025-12-29,15,24,0
Bihar,Lakhisarai,2025-12-31,28,113,3
Bihar,Lakhisarai,2026-01-01,45,103,5
Bihar,Lakhisarai,2026-01-02,32,72,2
Bihar,Lakhisarai,2026-01-03,1,24,0
Bihar,Madhepura,2025-06-09,59,98,1
Bihar,Madhepura,2025-06-10,74,92,2
Bihar,Madhepura,2025-06-11,23,50,2
Bihar,Madhepura,2025-06-12,44,66,4
Bihar,Madhepura,2025-06-13,26,42,1
Bihar,Madhepura,2025-06-14,35,50,1
Bihar,Madhepura,2025-06-15,9,14,0
Bihar,Madhepura,2025-06-16,47,74,4
Bihar,Madhepura,2025-06-17,57,89,4
Bihar,Madhepura,2025-06-18,36,69,3
Bihar,Madhepura,2025-06-19,60,93,0
Bihar,Madhepura,2025-09-01,75,92,1
Bihar,Madhepura,2025-09-02,100,130,0
Bihar,Madhepura,2025-09-03,83,93,2
Bihar,Madhepura,2025-09-04,71,118,1
Bihar,Madhepura,2025-09-05,33,38,0
Bihar,Madhepura,2025-09-06,66,56,0
Bihar,Madhepura,2025-09-07,15,24,0
Bihar,Madhepura,2025-09-08,76,92,0
Bihar,Madhepura,2025-09-09,83,78,1
Bihar,Madhepura,2025-09-10,86,80,0
Bihar,Madhepura,2025-09-11,44,83,1
Bihar,Madhepura,2025-09-12,67,54,2
Bihar,Madhepura,2025-09-13,35,35,0
Bihar,Madhepura,2025-09-14,7,4,0
Bihar,Madhepura,2025-09-15,35,46,1
Bihar,Madhepura,2025-09-16,33,35,0
Bihar,Madhepura,2025-09-17,18,8,0
Bihar,Madhepura,2025-09-18,51,44,0
Bihar,Madhepura,2025-09-19,43,40,0
Bihar,Madhepura,2025-09-20,42,41,0
Bihar,Madhepura,2025-09-21,5,12,0
Bihar,Madhepura,2025-09-22,50,39,0
Bihar,Madhepura,2025-09-23,61,39,0
Bihar,Madhepura,2025-09-24,67,52,0
Bihar,Madhepura,2025-09-25,58,59,4
Bihar,Madhepura,2025-09-26,45,50,1
Bihar,Madhepura,2025-09-27,11,19,0
Bihar,Madhepura,2025-09-28,6,14,0
Bihar,Madhepura,2025-09-29,2,8,1
Bihar,Madhepura,2025-09-30,0,2,0
Bihar,Madhepura,2025-10-13,159,111,2
Bihar,Madhepura,2025-10-15,98,87,1
Bihar,Madhepura,2025-10-16,51,48,1
Bihar,Madhepura,2025-10-17,163,130,0
Bihar,Madhepura,2025-10-18,99,95,0
Bihar,Madhepura,2025-10-19,99,91,1
Bihar,Madhepura,2025-10-20,30,34,0
Bihar,Madhepura,2025-10-21,4,11,0
Bihar,Madhepura,2025-10-22,1,0,0
Bihar,Madhepura,2025-10-23,0,0,1
Bihar,Madhepura,2025-10-24,32,37,1
Bihar,Madhepura,2025-10-25,73,81,0
Bihar,Madhepura,2025-10-26,16,61,2
Bihar,Madhepura,2025-10-27,17,48,0
Bihar,Madhepura,2025-10-28,21,36,0
Bihar,Madhepura,2025-10-29,19,31,1
Bihar,Madhepura,2025-10-30,42,59,0
Bihar,Madhepura,2025-10-31,38,52,0
Bihar,Madhepura,2025-11-01,10,16,0
Bihar,Madhepura,2025-11-02,83,76,0
Bihar,Madhepura,2025-11-03,24,17,0
Bihar,Madhepura,2025-11-04,0,2,0
Bihar,Madhepura,2025-11-05,130,109,0
Bihar,Madhepura,2025-11-06,36,55,1
Bihar,Madhepura,2025-11-07,19,25,0
Bihar,Madhepura,2025-11-08,47,40,0
Bihar,Madhepura,2025-11-09,40,35,0
Bihar,Madhepura,2025-11-10,76,62,0
Bihar,Madhepura,2025-11-11,43,29,0
Bihar,Madhepura,2025-11-12,45,48,0
Bihar,Madhepura,2025-11-13,26,36,0
Bihar,Madhepura,2025-11-14,34,29,3
Bihar,Madhepura,2025-11-15,100,97,0
Bihar,Madhepura,2025-11-16,24,30,0
Bihar,Madhepura,2025-11-17,13,15,1
Bihar,Madhepura,2025-11-18,53,32,2
Bihar,Madhepura,2025-11-19,157,59,0
Bihar,Madhepura,2025-11-25,54,35,0
Bihar,Madhepura,2025-12-15,210,201,0
Bihar,Madhepura,2025-12-21,44,0,0
Bihar,Madhepura,2025-12-22,270,7,0
Bihar,Madhepura,2025-12-23,80,2,0
Bihar,Madhepura,2025-12-24,47,66,3
Bihar,Madhepura,2025-12-25,47,126,0
Bihar,Madhepura,2025-12-26,99,61,0
Bihar,Madhepura,2025-12-27,60,62,1
Bihar,Madhepura,2025-12-28,127,140,0
Bihar,Madhepura,2025-12-29,73,74,0
Bihar,Madhepura,2025-12-31,182,355,3
Bihar,Madhepura,2026-01-01,155,195,4
Bihar,Madhepura,2026-01-02,120,133,2
Bihar,Madhepura,2026-01-03,9,44,1
Bihar,Madhubani,2025-03-09,18,120,22
Bihar,Madhubani,2025-03-15,15,54,15
Bihar,Madhubani,2025-03-27,13,61,12
Bihar,Madhubani,2025-04-01,388,485,60
Bihar,Madhubani,2025-05-01,874,995,102
Bihar,Madhubani,2025-06-01,876,1379,170
Bihar,Madhubani,2025-06-09,176,189,5
Bihar,Madhubani,2025-06-10,143,197,10
Bihar,Madhubani,2025-06-11,69,93,6
Bihar,Madhubani,2025-06-12,130,138,9
Bihar,Madhubani,2025-06-13,83,122,8
Bihar,Madhubani,2025-06-14,92,141,13
Bihar,Madhubani,2025-06-15,36,39,2
Bihar,Madhubani,2025-06-16,110,217,22
Bihar,Madhubani,2025-06-17,186,278,13
Bihar,Madhubani,2025-06-18,133,169,8
Bihar,Madhubani,2025-06-19,199,260,15
Bihar,Madhubani,2025-07-01,858,1181,102
Bihar,Madhubani,2025-09-01,135,143,4
Bihar,Madhubani,2025-09-02,110,142,6
Bihar,Madhubani,2025-09-03,89,124,7
Bihar,Madhubani,2025-09-04,117,117,3
Bihar,Madhubani,2025-09-05,52,51,1
Bihar,Madhubani,2025-09-06,137,118,4
Bihar,Madhubani,2025-09-07,26,18,0
Bihar,Madhubani,2025-09-08,162,134,9
Bihar,Madhubani,2025-09-09,162,136,3
Bihar,Madhubani,2025-09-10,150,126,3
Bihar,Madhubani,2025-09-11,106,107,1
Bihar,Madhubani,2025-09-12,168,126,2
Bihar,Madhubani,2025-09-13,76,73,0
Bihar,Madhubani,2025-09-14,17,8,0
Bihar,Madhubani,2025-09-15,71,85,3
Bihar,Madhubani,2025-09-16,52,67,0
Bihar,Madhubani,2025-09-17,54,42,1
Bihar,Madhubani,2025-09-18,99,94,1
Bihar,Madhubani,2025-09-19,115,110,1
Bihar,Madhubani,2025-09-20,74,83,1
Bihar,Madhubani,2025-09-21,10,17,0
Bihar,Madhubani,2025-09-22,67,75,2
Bihar,Madhubani,2025-09-23,108,92,2
Bihar,Madhubani,2025-09-24,140,93,3
Bihar,Madhubani,2025-09-25,152,105,9
Bihar,Madhubani,2025-09-26,91,69,2
Bihar,Madhubani,2025-09-27,37,38,5
Bihar,Madhubani,2025-09-28,6,9,6
Bihar,Madhubani,2025-09-29,6,18,5
Bihar,Madhubani,2025-09-30,1,5,2
Bihar,Madhubani,2025-10-13,291,193,8
Bihar,Madhubani,2025-10-15,186,179,7
Bihar,Madhubani,2025-10-16,118,112,10
Bihar,Madhubani,2025-10-17,310,207,4
Bihar,Madhubani,2025-10-18,277,201,11
Bihar,Madhubani,2025-10-19,267,155,17
Bihar,Madhubani,2025-10-20,57,70,0
Bihar,Madhubani,2025-10-21,24,37,0
Bihar,Madhubani,2025-10-22,0,1,0
Bihar,Madhubani,2025-10-23,1,0,2
Bihar,Madhubani,2025-10-24,147,122,17
Bihar,Madhubani,2025-10-25,211,143,8
Bihar,Madhubani,2025-10-26,91,128,10
Bihar,Madhubani,2025-10-27,66,88,8
Bihar,Madhubani,2025-10-28,80,70,3
Bihar,Madhubani,2025-10-29,51,56,0
Bihar,Madhubani,2025-10-30,160,155,9
Bihar,Madhubani,2025-10-31,155,129,21
Bihar,Madhubani,2025-11-01,17,45,8
Bihar,Madhubani,2025-11-02,212,127,0
Bihar,Madhubani,2025-11-03,62,77,6
Bihar,Madhubani,2025-11-05,313,256,8
Bihar,Madhubani,2025-11-06,109,157,8
Bihar,Madhubani,2025-11-07,92,108,7
Bihar,Madhubani,2025-11-08,147,160,1
Bihar,Madhubani,2025-11-09,117,83,0
Bihar,Madhubani,2025-11-10,179,160,3
Bihar,Madhubani,2025-11-11,82,78,5
Bihar,Madhubani,2025-11-12,39,77,4
Bihar,Madhubani,2025-11-13,26,57,0
Bihar,Madhubani,2025-11-14,38,52,3
Bihar,Madhubani,2025-11-15,255,182,4
Bihar,Madhubani,2025-11-16,79,72,4
Bihar,Madhubani,2025-11-17,40,38,2
Bihar,Madhubani,2025-11-18,151,119,4
Bihar,Madhubani,2025-11-19,335,189,0
Bihar,Madhubani,2025-11-25,119,115,5
Bihar,Madhubani,2025-12-15,520,359,3
Bihar,Madhubani,2025-12-21,79,1,0
Bihar,Madhubani,2025-12-22,522,6,0
Bihar,Madhubani,2025-12-23,156,1,0
Bihar,Madhubani,2025-12-24,138,92,3
Bihar,Madhubani,2025-12-25,95,229,1
Bihar,Madhubani,2025-12-26,122,141,0
Bihar,Madhubani,2025-12-27,119,161,1
Bihar,Madhubani,2025-12-28,131,103,0
Bihar,Madhubani,2025-12-29,134,90,0
Bihar,Madhubani,2025-12-31,183,501,24
Bihar,Madhubani,2026-01-01,280,314,7
Bihar,Madhubani,2026-01-02,167,206,10
Bihar,Madhubani,2026-01-03,16,65,1
Bihar,Monghyr,2025-06-10,0,1,0
Bihar,Monghyr,2025-06-12,0,2,0
Bihar,Monghyr,2025-06-13,0,1,0
Bihar,Monghyr,2025-06-14,0,1,0
Bihar,Monghyr,2025-06-15,1,0,0
Bihar,Monghyr,2025-06-16,0,3,0
Bihar,Monghyr,2025-06-17,0,2,0
Bihar,Monghyr,2025-06-18,1,1,0
Bihar,Monghyr,2025-06-19,0,2,0
Bihar,Monghyr,2025-09-02,0,4,0
Bihar,Monghyr,2025-09-05,1,0,0
Bihar,Monghyr,2025-09-06,0,2,0
Bihar,Monghyr,2025-09-11,1,0,0
Bihar,Monghyr,2025-09-12,1,0,0
Bihar,Monghyr,2025-09-13,2,0,0
Bihar,Monghyr,2025-09-19,1,0,0
Bihar,Monghyr,2025-09-20,2,1,0
Bihar,Monghyr,2025-09-23,0,1,0
Bihar,Monghyr,2025-10-13,1,0,0
Bihar,Monghyr,2025-10-15,0,1,0
Bihar,Monghyr,2025-10-17,1,0,0
Bihar,Monghyr,2025-10-18,0,2,0
Bihar,Monghyr,2025-10-24,0,1,0
Bihar,Monghyr,2025-10-26,1,0,0
Bihar,Monghyr,2025-10-31,1,1,0
Bihar,Monghyr,2025-11-02,0,1,0
Bihar,Monghyr,2025-11-05,1,0,0
Bihar,Monghyr,2025-11-07,2,0,0
Bihar,Monghyr,2025-11-08,3,0,0
Bihar,Monghyr,2025-11-09,1,0,0
Bihar,Monghyr,2025-11-13,0,1,0
Bihar,Monghyr,2025-11-15,3,1,0
Bihar,Monghyr,2025-11-16,0,2,0
Bihar,Monghyr,2025-11-17,2,0,0
Bihar,Monghyr,2025-11-18,0,1,0
Bihar,Monghyr,2025-11-19,1,0,0
Bihar,Monghyr,2025-12-15,2,0,0
Bihar,Monghyr,2025-12-21,1,0,0
Bihar,Monghyr,2025-12-25,1,0,0
Bihar,Monghyr,2025-12-31,0,6,0
Bihar,Monghyr,2026-01-01,1,1,0
Bihar,Monghyr,2026-01-02,1,2,0
Bihar,Munger,2025-04-01,191,278,22
Bihar,Munger,2025-06-01,117,279,10
Bihar,Munger,2025-06-09,28,70,0
Bihar,Munger,2025-06-10,30,68,0
Bihar,Munger,2025-06-11,7,25,1
Bihar,Munger,2025-06-12,22,51,3
Bihar,Munger,2025-06-13,18,53,1
Bihar,Munger,2025-06-14,13,46,1
Bihar,Munger,2025-06-15,0,3,1
Bihar,Munger,2025-06-16,16,71,1
Bihar,Munger,2025-06-17,23,73,2
Bihar,Munger,2025-06-18,29,49,0
Bihar,Munger,2025-06-19,32,61,3
Bihar,Munger,2025-07-01,241,445,13
Bihar,Munger,2025-09-01,36,86,1
Bihar,Munger,2025-09-02,44,59,0
Bihar,Munger,2025-09-03,35,61,0
Bihar,Munger,2025-09-04,23,43,0
Bihar,Munger,2025-09-05,4,3,2
Bihar,Munger,2025-09-06,34,54,0
Bihar,Munger,2025-09-07,1,3,1
Bihar,Munger,2025-09-08,26,58,0
Bihar,Munger,2025-09-09,35,52,2
Bihar,Munger,2025-09-10,59,58,2
Bihar,Munger,2025-09-11,28,50,0
Bihar,Munger,2025-09-12,40,38,1
Bihar,Munger,2025-09-13,19,31,0
Bihar,Munger,2025-09-14,3,0,0
Bihar,Munger,2025-09-15,26,30,0
Bihar,Munger,2025-09-16,23,35,0
Bihar,Munger,2025-09-17,13,15,1
Bihar,Munger,2025-09-18,25,49,0
Bihar,Munger,2025-09-19,27,31,0
Bihar,Munger,2025-09-20,31,31,0
Bihar,Munger,2025-09-21,1,0,1
Bihar,Munger,2025-09-22,18,43,0
Bihar,Munger,2025-09-23,26,32,0
Bihar,Munger,2025-09-24,28,40,0
Bihar,Munger,2025-09-25,12,24,0
Bihar,Munger,2025-09-26,15,23,0
Bihar,Munger,2025-09-27,6,13,0
Bihar,Munger,2025-09-29,2,2,0
Bihar,Munger,2025-10-13,46,60,9
Bihar,Munger,2025-10-15,35,43,4
Bihar,Munger,2025-10-16,15,31,6
Bihar,Munger,2025-10-17,51,70,0
Bihar,Munger,2025-10-18,44,47,0
Bihar,Munger,2025-10-19,28,27,0
Bihar,Munger,2025-10-20,7,8,0
Bihar,Munger,2025-10-21,1,2,0
Bihar,Munger,2025-10-24,18,19,2
Bihar,Munger,2025-10-25,35,46,0
Bihar,Munger,2025-10-26,12,20,0
Bihar,Munger,2025-10-27,7,10,0
Bihar,Munger,2025-10-28,16,18,0
Bihar,Munger,2025-10-29,4,6,0
Bihar,Munger,2025-10-30,21,39,0
Bihar,Munger,2025-10-31,32,25,0
Bihar,Munger,2025-11-01,3,6,3
Bihar,Munger,2025-11-02,43,40,1
Bihar,Munger,2025-11-03,7,16,2
Bihar,Munger,2025-11-04,1,1,0
Bihar,Munger,2025-11-05,46,51,1
Bihar,Munger,2025-11-06,8,13,0
Bihar,Munger,2025-11-07,6,6,0
Bihar,Munger,2025-11-08,19,23,1
Bihar,Munger,2025-11-09,12,13,1
Bihar,Munger,2025-11-10,28,49,0
Bihar,Munger,2025-11-11,27,31,0
Bihar,Munger,2025-11-12,11,25,5
Bihar,Munger,2025-11-13,7,25,1
Bihar,Munger,2025-11-14,29,25,1
Bihar,Munger,2025-11-15,72,74,0
Bihar,Munger,2025-11-16,30,30,0
Bihar,Munger,2025-11-17,14,15,0
Bihar,Munger,2025-11-18,37,26,1
Bihar,Munger,2025-11-19,51,50,0
Bihar,Munger,2025-11-25,13,30,4
Bihar,Munger,2025-12-15,98,128,2
Bihar,Munger,2025-12-21,25,0,0
Bihar,Munger,2025-12-22,162,0,0
Bihar,Munger,2025-12-23,29,0,0
Bihar,Munger,2025-12-24,22,33,0
Bihar,Munger,2025-12-25,15,88,0
Bihar,Munger,2025-12-26,28,42,2
Bihar,Munger,2025-12-27,16,30,0
Bihar,Munger,2025-12-28,13,24,0
Bihar,Munger,2025-12-29,9,30,0
Bihar,Munger,2025-12-31,25,154,7
Bihar,Munger,2026-01-01,67,117,6
Bihar,Munger,2026-01-02,24,74,1
Bihar,Munger,2026-01-03,1,34,0
Bihar,Muzaffarpur,2025-03-27,24,40,10
Bihar,Muzaffarpur,2025-04-01,1159,865,65
Bihar,Muzaffarpur,2025-05-01,2161,2046,159
Bihar,Muzaffarpur,2025-06-01,1562,2080,140
Bihar,Muzaffarpur,2025-06-09,152,194,3
Bihar,Muzaffarpur,2025-06-10,197,208,3
Bihar,Muzaffarpur,2025-06-11,100,113,7
Bihar,Muzaffarpur,2025-06-12,103,144,4
Bihar,Muzaffarpur,2025-06-13,108,148,11
Bihar,Muzaffarpur,2025-06-14,92,130,6
Bihar,Muzaffarpur,2025-06-15,83,51,1
Bihar,Muzaffarpur,2025-06-16,130,192,10
Bihar,Muzaffarpur,2025-06-17,168,268,7
Bihar,Muzaffarpur,2025-06-18,120,167,7
Bihar,Muzaffarpur,2025-06-19,200,298,5
Bihar,Muzaffarpur,2025-07-01,892,1217,40
Bihar,Muzaffarpur,2025-09-01,137,176,0
Bihar,Muzaffarpur,2025-09-02,158,164,1
Bihar,Muzaffarpur,2025-09-03,138,129,1
Bihar,Muzaffarpur,2025-09-04,128,120,1
Bihar,Muzaffarpur,2025-09-05,48,59,0
Bihar,Muzaffarpur,2025-09-06,106,149,1
Bihar,Muzaffarpur,2025-09-07,73,33,0
Bihar,Muzaffarpur,2025-09-08,150,124,0
Bihar,Muzaffarpur,2025-09-09,153,121,0
Bihar,Muzaffarpur,2025-09-10,146,109,0
Bihar,Muzaffarpur,2025-09-11,104,140,0
Bihar,Muzaffarpur,2025-09-12,157,131,0
Bihar,Muzaffarpur,2025-09-13,76,62,0
Bihar,Muzaffarpur,2025-09-14,50,26,1
Bihar,Muzaffarpur,2025-09-15,112,111,1
Bihar,Muzaffarpur,2025-09-16,94,90,1
Bihar,Muzaffarpur,2025-09-17,59,53,1
Bihar,Muzaffarpur,2025-09-18,123,116,0
Bihar,Muzaffarpur,2025-09-19,61,99,0
Bihar,Muzaffarpur,2025-09-20,70,108,2
Bihar,Muzaffarpur,2025-09-21,26,34,0
Bihar,Muzaffarpur,2025-09-22,53,91,1
Bihar,Muzaffarpur,2025-09-23,115,92,1
Bihar,Muzaffarpur,2025-09-24,106,108,0
Bihar,Muzaffarpur,2025-09-25,125,102,1
Bihar,Muzaffarpur,2025-09-26,86,88,1
Bihar,Muzaffarpur,2025-09-27,29,34,1
Bihar,Muzaffarpur,2025-09-28,13,10,0
Bihar,Muzaffarpur,2025-09-29,16,34,0
Bihar,Muzaffarpur,2025-09-30,0,4,0
Bihar,Muzaffarpur,2025-10-13,205,168,9
Bihar,Muzaffarpur,2025-10-15,131,134,20
Bihar,Muzaffarpur,2025-10-16,88,100,24
Bihar,Muzaffarpur,2025-10-17,237,166,0
Bihar,Muzaffarpur,2025-10-18,162,176,1
Bihar,Muzaffarpur,2025-10-19,163,135,0
Bihar,Muzaffarpur,2025-10-20,27,62,0
Bihar,Muzaffarpur,2025-10-21,10,19,0
Bihar,Muzaffarpur,2025-10-23,1,0,4
Bihar,Muzaffarpur,2025-10-24,89,83,6
Bihar,Muzaffarpur,2025-10-25,166,137,1
Bihar,Muzaffarpur,2025-10-26,52,130,0
Bihar,Muzaffarpur,2025-10-27,41,71,1
Bihar,Muzaffarpur,2025-10-28,51,45,0
Bihar,Muzaffarpur,2025-10-29,41,21,1
Bihar,Muzaffarpur,2025-10-30,112,89,23
Bihar,Muzaffarpur,2025-10-31,82,93,16
Bihar,Muzaffarpur,2025-11-01,18,32,0
Bihar,Muzaffarpur,2025-11-02,145,93,1
Bihar,Muzaffarpur,2025-11-03,57,60,3
Bihar,Muzaffarpur,2025-11-04,2,1,0
Bihar,Muzaffarpur,2025-11-05,187,157,1
Bihar,Muzaffarpur,2025-11-06,43,82,0
Bihar,Muzaffarpur,2025-11-07,53,57,1
Bihar,Muzaffarpur,2025-11-08,99,105,2
Bihar,Muzaffarpur,2025-11-09,80,94,0
Bihar,Muzaffarpur,2025-11-10,201,144,0
Bihar,Muzaffarpur,2025-11-11,84,87,3
Bihar,Muzaffarpur,2025-11-12,88,148,1
Bihar,Muzaffarpur,2025-11-13,45,113,1
Bihar,Muzaffarpur,2025-11-14,104,117,0
Bihar,Muzaffarpur,2025-11-15,275,218,0
Bihar,Muzaffarpur,2025-11-16,73,95,0
Bihar,Muzaffarpur,2025-11-17,43,53,1
Bihar,Muzaffarpur,2025-11-18,144,123,2
Bihar,Muzaffarpur,2025-11-19,282,171,1
Bihar,Muzaffarpur,2025-11-25,109,118,1
Bihar,Muzaffarpur,2025-12-15,394,322,9
Bihar,Muzaffarpur,2025-12-21,64,1,0
Bihar,Muzaffarpur,2025-12-22,512,0,0
Bihar,Muzaffarpur,2025-12-23,127,0,0
Bihar,Muzaffarpur,2025-12-24,76,88,32
Bihar,Muzaffarpur,2025-12-25,53,186,56
Bihar,Muzaffarpur,2025-12-26,91,103,1
Bihar,Muzaffarpur,2025-12-27,110,145,0
Bihar,Muzaffarpur,2025-12-28,111,110,0
Bihar,Muzaffarpur,2025-12-29,131,99,0
Bihar,Muzaffarpur,2025-12-31,179,474,16
Bihar,Muzaffarpur,2026-01-01,217,237,2
Bihar,Muzaffarpur,2026-01-02,135,172,1
Bihar,Muzaffarpur,2026-01-03,6,39,1
Bihar,Nalanda,2025-06-01,307,1153,37
Bihar,Nalanda,2025-06-09,42,160,3
Bihar,Nalanda,2025-06-10,70,164,2
Bihar,Nalanda,2025-06-11,25,90,3
Bihar,Nalanda,2025-06-12,41,156,2
Bihar,Nalanda,2025-06-13,29,135,2
Bihar,Nalanda,2025-06-14,26,59,1
Bihar,Nalanda,2025-06-15,6,14,1
Bihar,Nalanda,2025-06-16,41,187,5
Bihar,Nalanda,2025-06-17,73,289,8
Bihar,Nalanda,2025-06-18,31,140,1
Bihar,Nalanda,2025-06-19,67,211,8
Bihar,Nalanda,2025-07-01,434,1587,37
Bihar,Nalanda,2025-09-01,51,155,1
Bihar,Nalanda,2025-09-02,41,155,0
Bihar,Nalanda,2025-09-03,49,122,0
Bihar,Nalanda,2025-09-04,28,96,2
Bihar,Nalanda,2025-09-05,18,89,4
Bihar,Nalanda,2025-09-06,37,142,0
Bihar,Nalanda,2025-09-07,11,16,0
Bihar,Nalanda,2025-09-08,57,152,2
Bihar,Nalanda,2025-09-09,48,125,0
Bihar,Nalanda,2025-09-10,81,140,1
Bihar,Nalanda,2025-09-11,38,112,1
Bihar,Nalanda,2025-09-12,50,140,0
Bihar,Nalanda,2025-09-13,33,58,1
Bihar,Nalanda,2025-09-14,5,11,1
Bihar,Nalanda,2025-09-15,27,92,0
Bihar,Nalanda,2025-09-16,43,113,1
Bihar,Nalanda,2025-09-17,22,64,0
Bihar,Nalanda,2025-09-18,42,119,0
Bihar,Nalanda,2025-09-19,38,102,0
Bihar,Nalanda,2025-09-20,30,118,0
Bihar,Nalanda,2025-09-21,3,10,0
Bihar,Nalanda,2025-09-22,16,100,0
Bihar,Nalanda,2025-09-23,23,138,0
Bihar,Nalanda,2025-09-24,48,122,0
Bihar,Nalanda,2025-09-25,40,93,1
Bihar,Nalanda,2025-09-26,28,95,0
Bihar,Nalanda,2025-09-27,2,18,1
Bihar,Nalanda,2025-09-28,0,3,0
Bihar,Nalanda,2025-09-29,2,54,0
Bihar,Nalanda,2025-09-30,1,5,0
Bihar,Nalanda,2025-10-13,58,179,2
Bihar,Nalanda,2025-10-15,43,159,9
Bihar,Nalanda,2025-10-16,31,124,6
Bihar,Nalanda,2025-10-17,87,201,1
Bihar,Nalanda,2025-10-18,62,195,0
Bihar,Nalanda,2025-10-19,68,198,0
Bihar,Nalanda,2025-10-20,18,92,0
Bihar,Nalanda,2025-10-21,3,26,0
Bihar,Nalanda,2025-10-24,38,112,3
Bihar,Nalanda,2025-10-25,52,117,2
Bihar,Nalanda,2025-10-26,18,197,2
Bihar,Nalanda,2025-10-27,15,109,0
Bihar,Nalanda,2025-10-28,35,64,0
Bihar,Nalanda,2025-10-29,21,28,0
Bihar,Nalanda,2025-10-30,45,80,2
Bihar,Nalanda,2025-10-31,41,121,0
Bihar,Nalanda,2025-11-01,11,86,0
Bihar,Nalanda,2025-11-02,58,141,0
Bihar,Nalanda,2025-11-03,15,72,0
Bihar,Nalanda,2025-11-04,0,1,0
Bihar,Nalanda,2025-11-05,57,170,1
Bihar,Nalanda,2025-11-06,34,166,2
Bihar,Nalanda,2025-11-07,15,60,1
Bihar,Nalanda,2025-11-08,29,86,1
Bihar,Nalanda,2025-11-09,33,47,0
Bihar,Nalanda,2025-11-10,43,85,1
Bihar,Nalanda,2025-11-11,34,68,1
Bihar,Nalanda,2025-11-12,23,127,1
Bihar,Nalanda,2025-11-13,20,83,0
Bihar,Nalanda,2025-11-14,25,78,1
Bihar,Nalanda,2025-11-15,88,146,0
Bihar,Nalanda,2025-11-16,23,90,0
Bihar,Nalanda,2025-11-17,10,34,1
Bihar,Nalanda,2025-11-18,30,83,0
Bihar,Nalanda,2025-11-19,103,129,1
Bihar,Nalanda,2025-11-25,23,83,0
Bihar,Nalanda,2025-12-15,109,233,1
Bihar,Nalanda,2025-12-21,25,0,0
Bihar,Nalanda,2025-12-22,118,5,0
Bihar,Nalanda,2025-12-23,39,0,0
Bihar,Nalanda,2025-12-24,23,87,2
Bihar,Nalanda,2025-12-25,22,214,1
Bihar,Nalanda,2025-12-26,66,132,0
Bihar,Nalanda,2025-12-27,74,196,0
Bihar,Nalanda,2025-12-28,60,140,0
Bihar,Nalanda,2025-12-29,45,90,0
Bihar,Nalanda,2025-12-31,95,462,10
Bihar,Nalanda,2026-01-01,97,267,2
Bihar,Nalanda,2026-01-02,86,161,3
Bihar,Nalanda,2026-01-03,0,49,1
Bihar,Nawada,2025-06-09,25,94,4
Bihar,Nawada,2025-06-10,25,122,2
Bihar,Nawada,2025-06-11,7,87,3
Bihar,Nawada,2025-06-12,24,112,7
Bihar,Nawada,2025-06-13,13,121,7
Bihar,Nawada,2025-06-14,15,65,1
Bihar,Nawada,2025-06-15,3,16,1
Bihar,Nawada,2025-06-16,22,209,16
Bihar,Nawada,2025-06-17,39,281,10
Bihar,Nawada,2025-06-18,24,201,7
Bihar,Nawada,2025-06-19,24,232,17
Bihar,Nawada,2025-07-01,616,2933,123
Bihar,Nawada,2025-09-01,30,172,4
Bihar,Nawada,2025-09-02,41,185,1
Bihar,Nawada,2025-09-03,42,124,0
Bihar,Nawada,2025-09-04,33,189,0
Bihar,Nawada,2025-09-05,16,68,5
Bihar,Nawada,2025-09-06,26,156,4
Bihar,Nawada,2025-09-07,5,41,0
Bihar,Nawada,2025-09-08,43,158,6
Bihar,Nawada,2025-09-09,64,192,1
Bihar,Nawada,2025-09-10,54,186,4
Bihar,Nawada,2025-09-11,39,189,3
Bihar,Nawada,2025-09-12,43,197,1
Bihar,Nawada,2025-09-13,19,101,2
Bihar,Nawada,2025-09-14,9,21,0
Bihar,Nawada,2025-09-15,30,100,0
Bihar,Nawada,2025-09-16,21,131,5
Bihar,Nawada,2025-09-17,25,109,0
Bihar,Nawada,2025-09-18,28,166,5
Bihar,Nawada,2025-09-19,29,189,1
Bihar,Nawada,2025-09-20,14,120,4
Bihar,Nawada,2025-09-21,0,9,0
Bihar,Nawada,2025-09-22,17,121,5
Bihar,Nawada,2025-09-23,29,137,3
Bihar,Nawada,2025-09-24,25,169,7
Bihar,Nawada,2025-09-25,19,146,2
Bihar,Nawada,2025-09-26,11,118,3
Bihar,Nawada,2025-09-27,8,74,0
Bihar,Nawada,2025-09-28,2,14,0
Bihar,Nawada,2025-09-29,2,66,2
Bihar,Nawada,2025-09-30,0,16,0
Bihar,Nawada,2025-10-13,44,267,8
Bihar,Nawada,2025-10-15,49,266,14
Bihar,Nawada,2025-10-16,28,211,5
Bihar,Nawada,2025-10-17,54,163,6
Bihar,Nawada,2025-10-18,33,235,7
Bihar,Nawada,2025-10-19,42,216,2
Bihar,Nawada,2025-10-20,8,105,0
Bihar,Nawada,2025-10-21,3,25,0
Bihar,Nawada,2025-10-23,2,0,3
Bihar,Nawada,2025-10-24,32,141,5
Bihar,Nawada,2025-10-25,37,137,1
Bihar,Nawada,2025-10-26,18,268,5
Bihar,Nawada,2025-10-27,12,167,4
Bihar,Nawada,2025-10-28,22,82,1
Bihar,Nawada,2025-10-29,7,21,0
Bihar,Nawada,2025-10-30,40,88,3
Bihar,Nawada,2025-10-31,38,174,1
Bihar,Nawada,2025-11-01,4,109,1
Bihar,Nawada,2025-11-02,41,143,0
Bihar,Nawada,2025-11-03,13,100,1
Bihar,Nawada,2025-11-04,1,5,0
Bihar,Nawada,2025-11-05,48,283,4
Bihar,Nawada,2025-11-06,27,269,1
Bihar,Nawada,2025-11-07,15,141,3
Bihar,Nawada,2025-11-08,36,109,4
Bihar,Nawada,2025-11-09,24,67,1
Bihar,Nawada,2025-11-10,25,102,1
Bihar,Nawada,2025-11-11,14,66,0
Bihar,Nawada,2025-11-12,5,59,0
Bihar,Nawada,2025-11-13,10,57,2
Bihar,Nawada,2025-11-14,10,54,1
Bihar,Nawada,2025-11-15,47,79,1
Bihar,Nawada,2025-11-16,12,69,1
Bihar,Nawada,2025-11-17,7,34,1
Bihar,Nawada,2025-11-18,23,46,0
Bihar,Nawada,2025-11-19,58,76,5
Bihar,Nawada,2025-11-25,21,60,0
Bihar,Nawada,2025-12-15,90,136,0
Bihar,Nawada,2025-12-21,25,1,0
Bihar,Nawada,2025-12-22,130,0,0
Bihar,Nawada,2025-12-23,50,0,0
Bihar,Nawada,2025-12-24,35,107,0
Bihar,Nawada,2025-12-25,23,263,0
Bihar,Nawada,2025-12-26,36,175,0
Bihar,Nawada,2025-12-27,22,171,0
Bihar,Nawada,2025-12-28,19,136,1
Bihar,Nawada,2025-12-29,29,107,0
Bihar,Nawada,2025-12-31,37,388,8
Bihar,Nawada,2026-01-01,61,250,6
Bihar,Nawada,2026-01-02,31,155,1
Bihar,Nawada,2026-01-03,1,40,0
Bihar,Pashchim Champaran,2025-03-27,25,88,13
Bihar,Pashchim Champaran,2025-06-01,1969,4299,239
Bihar,Pashchim Champaran,2025-06-09,0,2,0
Bihar,Pashchim Champaran,2025-06-10,2,2,0
Bihar,Pashchim Champaran,2025-06-11,0,1,0
Bihar,Pashchim Champaran,2025-06-12,3,0,0
Bihar,Pashchim Champaran,2025-06-13,1,0,0
Bihar,Pashchim Champaran,2025-06-14,0,2,0
Bihar,Pashchim Champaran,2025-06-15,0,1,0
Bihar,Pashchim Champaran,2025-06-16,1,2,0
Bihar,Pashchim Champaran,2025-06-17,0,2,0
Bihar,Pashchim Champaran,2025-06-18,1,1,0
Bihar,Pashchim Champaran,2025-06-19,2,1,0
Bihar,Pashchim Champaran,2025-07-01,3018,6314,310
Bihar,Pashchim Champaran,2025-09-02,3,0,0
Bihar,Pashchim Champaran,2025-09-03,3,2,0
Bihar,Pashchim Champaran,2025-09-04,2,1,0
Bihar,Pashchim Champaran,2025-09-06,1,0,0
Bihar,Pashchim Champaran,2025-09-08,1,0,0
Bihar,Pashchim Champaran,2025-09-09,2,2,0
Bihar,Pashchim Champaran,2025-09-12,2,0,0
Bihar,Pashchim Champaran,2025-09-13,1,2,0
Bihar,Pashchim Champaran,2025-09-18,2,1,0
Bihar,Pashchim Champaran,2025-09-20,1,1,0
Bihar,Pashchim Champaran,2025-09-22,1,0,0
Bihar,Pashchim Champaran,2025-09-23,0,1,0
Bihar,Pashchim Champaran,2025-09-24,1,1,0
Bihar,Pashchim Champaran,2025-09-25,0,1,0
Bihar,Pashchim Champaran,2025-09-29,1,0,0
Bihar,Pashchim Champaran,2025-10-17,2,2,0
Bihar,Pashchim Champaran,2025-10-18,2,0,0
Bihar,Pashchim Champaran,2025-10-19,0,2,0
Bihar,Pashchim Champaran,2025-10-25,0,2,0
Bihar,Pashchim Champaran,2025-10-28,0,1,0
Bihar,Pashchim Champaran,2025-11-05,1,0,0
Bihar,Pashchim Champaran,2025-11-06,1,0,0
Bihar,Pashchim Champaran,2025-11-07,1,0,0
Bihar,Pashchim Champaran,2025-11-08,0,3,0
Bihar,Pashchim Champaran,2025-11-09,1,1,0
Bihar,Pashchim Champaran,2025-11-10,1,0,0
Bihar,Pashchim Champaran,2025-11-15,2,0,0
Bihar,Pashchim Champaran,2025-11-17,0,1,0
Bihar,Pashchim Champaran,2025-11-18,3,1,0
Bihar,Pashchim Champaran,2025-11-25,2,0,0
Bihar,Pashchim Champaran,2025-12-15,2,3,0
Bihar,Pashchim Champaran,2025-12-22,5,0,0
Bihar,Pashchim Champaran,2025-12-23,3,0,0
Bihar,Pashchim Champaran,2025-12-24,0,1,0
Bihar,Pashchim Champaran,2025-12-25,0,1,0
Bihar,Pashchim Champaran,2025-12-26,0,1,0
Bihar,Pashchim Champaran,2025-12-27,0,1,0
Bihar,Pashchim Champaran,2025-12-28,1,0,0
Bihar,Pashchim Champaran,2025-12-31,1,5,0
Bihar,Pashchim Champaran,2026-01-01,0,4,0
Bihar,Pashchim Champaran,2026-01-03,0,1,0
Bihar,Patna,2025-03-20,12,52,16
Bihar,Patna,2025-04-01,723,2303,373
Bihar,Patna,2025-05-01,105,347,22
Bihar,Patna,2025-06-01,320,1009,38
Bihar,Patna,2025-06-09,90,341,4
Bihar,Patna,2025-06-10,88,354,9
Bihar,Patna,2025-06-11,38,219,4
Bihar,Patna,2025-06-12,45,260,10
Bihar,Patna,2025-06-13,48,232,6
Bihar,Patna,2025-06-14,45,190,5
Bihar,Patna,2025-06-15,18,92,8
Bihar,Patna,2025-06-16,75,353,11
Bihar,Patna,2025-06-17,97,479,13
Bihar,Patna,2025-06-18,52,285,6
Bihar,Patna,2025-06-19,91,467,9
Bihar,Patna,2025-07-01,508,1551,51
Bihar,Patna,2025-09-01,89,289,0
Bihar,Patna,2025-09-02,80,305,2
Bihar,Patna,2025-09-03,62,234,0
Bihar,Patna,2025-09-04,77,207,1
Bihar,Patna,2025-09-05,35,98,0
Bihar,Patna,2025-09-06,93,229,2
Bihar,Patna,2025-09-07,22,84,0
Bihar,Patna,2025-09-08,114,228,0
Bihar,Patna,2025-09-09,110,271,2
Bihar,Patna,2025-09-10,98,214,2
Bihar,Patna,2025-09-11,76,210,0
Bihar,Patna,2025-09-12,81,226,1
Bihar,Patna,2025-09-13,48,151,0
Bihar,Patna,2025-09-14,32,40,1
Bihar,Patna,2025-09-15,43,146,1
Bihar,Patna,2025-09-16,46,190,0
Bihar,Patna,2025-09-17,41,123,1
Bihar,Patna,2025-09-18,84,202,0
Bihar,Patna,2025-09-19,63,168,0
Bihar,Patna,2025-09-20,58,145,1
Bihar,Patna,2025-09-21,18,58,2
Bihar,Patna,2025-09-22,62,182,1
Bihar,Patna,2025-09-23,66,185,0
Bihar,Patna,2025-09-24,69,156,1
Bihar,Patna,2025-09-25,68,159,0
Bihar,Patna,2025-09-26,31,107,0
Bihar,Patna,2025-09-27,15,51,0
Bihar,Patna,2025-09-28,6,25,0
Bihar,Patna,2025-09-29,5,28,0
Bihar,Patna,2025-09-30,0,4,0
Bihar,Patna,2025-10-13,88,214,26
Bihar,Patna,2025-10-15,66,198,37
Bihar,Patna,2025-10-16,52,113,47
Bihar,Patna,2025-10-17,125,243,5
Bihar,Patna,2025-10-18,65,169,13
Bihar,Patna,2025-10-19,78,165,0
Bihar,Patna,2025-10-20,17,48,0
Bihar,Patna,2025-10-21,5,27,0
Bihar,Patna,2025-10-23,0,0,15
Bihar,Patna,2025-10-24,44,142,13
Bihar,Patna,2025-10-25,75,166,0
Bihar,Patna,2025-10-26,30,151,3
Bihar,Patna,2025-10-27,21,80,0
Bihar,Patna,2025-10-28,46,97,0
Bihar,Patna,2025-10-29,18,45,1
Bihar,Patna,2025-10-30,80,132,3
Bihar,Patna,2025-10-31,85,147,0
Bihar,Patna,2025-11-01,11,49,0
Bihar,Patna,2025-11-02,119,217,0
Bihar,Patna,2025-11-03,23,77,1
Bihar,Patna,2025-11-04,0,7,0
Bihar,Patna,2025-11-05,81,231,0
Bihar,Patna,2025-11-06,18,117,2
Bihar,Patna,2025-11-07,8,47,0
Bihar,Patna,2025-11-08,59,125,0
Bihar,Patna,2025-11-09,42,59,0
Bihar,Patna,2025-11-10,78,179,0
Bihar,Patna,2025-11-11,41,129,5
Bihar,Patna,2025-11-12,67,122,4
Bihar,Patna,2025-11-13,21,95,1
Bihar,Patna,2025-11-14,49,134,1
Bihar,Patna,2025-11-15,156,341,2
Bihar,Patna,2025-11-16,51,140,2
Bihar,Patna,2025-11-17,30,71,1
Bihar,Patna,2025-11-18,78,177,0
Bihar,Patna,2025-11-19,166,301,2
Bihar,Patna,2025-11-25,66,190,10
Bihar,Patna,2025-12-15,285,482,2
Bihar,Patna,2025-12-21,74,0,0
Bihar,Patna,2025-12-22,368,0,0
Bihar,Patna,2025-12-23,153,0,0
Bihar,Patna,2025-12-24,79,170,13
Bihar,Patna,2025-12-25,64,325,14
Bihar,Patna,2025-12-26,71,186,0
Bihar,Patna,2025-12-27,44,183,3
Bihar,Patna,2025-12-28,49,136,0
Bihar,Patna,2025-12-29,93,175,0
Bihar,Patna,2025-12-31,105,722,15
Bihar,Patna,2026-01-01,168,509,5
Bihar,Patna,2026-01-02,112,356,3
Bihar,Patna,2026-01-03,3,124,3
Bihar,Purba Champaran,2025-06-09,0,4,0
Bihar,Purba Champaran,2025-06-10,0,7,0
Bihar,Purba Champaran,2025-06-11,0,1,0
Bihar,Purba Champaran,2025-06-12,2,2,0
Bihar,Purba Champaran,2025-06-13,1,2,0
Bihar,Purba Champaran,2025-06-14,2,3,0
Bihar,Purba Champaran,2025-06-16,0,4,0
Bihar,Purba Champaran,2025-06-17,1,7,0
Bihar,Purba Champaran,2025-06-18,0,1,0
Bihar,Purba Champaran,2025-06-19,1,1,0
Bihar,Purba Champaran,2025-09-01,0,2,0
Bihar,Purba Champaran,2025-09-03,0,3,0
Bihar,Purba Champaran,2025-09-04,5,5,0
Bihar,Purba Champaran,2025-09-06,2,0,0
Bihar,Purba Champaran,2025-09-07,0,2,0
Bihar,Purba Champaran,2025-09-08,0,1,0
Bihar,Purba Champaran,2025-09-09,1,4,0
Bihar,Purba Champaran,2025-09-10,3,1,0
Bihar,Purba Champaran,2025-09-11,1,0,0
Bihar,Purba Champaran,2025-09-12,1,2,0
Bihar,Purba Champaran,2025-09-13,1,2,0
Bihar,Purba Champaran,2025-09-17,0,2,0
Bihar,Purba Champaran,2025-09-18,0,2,0
Bihar,Purba Champaran,2025-09-19,0,1,0
Bihar,Purba Champaran,2025-09-20,0,2,0
Bihar,Purba Champaran,2025-09-23,2,0,0
Bihar,Purba Champaran,2025-09-25,0,1,0
Bihar,Purba Champaran,2025-10-13,0,2,0
Bihar,Purba Champaran,2025-10-15,2,0,0
Bihar,Purba Champaran,2025-10-17,3,2,0
Bihar,Purba Champaran,2025-10-18,0,1,0
Bihar,Purba Champaran,2025-10-19,1,0,0
Bihar,Purba Champaran,2025-10-21,0,1,0
Bihar,Purba Champaran,2025-10-24,1,1,0
Bihar,Purba Champaran,2025-10-25,6,0,0
Bihar,Purba Champaran,2025-10-26,1,1,0
Bihar,Purba Champaran,2025-10-27,0,1,0
Bihar,Purba Champaran,2025-10-29,1,1,0
Bihar,Purba Champaran,2025-10-30,0,2,0
Bihar,Purba Champaran,2025-10-31,0,1,0
Bihar,Purba Champaran,2025-11-01,0,1,0
Bihar,Purba Champaran,2025-11-03,1,0,0
Bihar,Purba Champaran,2025-11-05,1,1,0
Bihar,Purba Champaran,2025-11-07,2,0,0
Bihar,Purba Champaran,2025-11-08,1,0,0
Bihar,Purba Champaran,2025-11-10,1,0,0
Bihar,Purba Champaran,2025-11-11,0,1,0
Bihar,Purba Champaran,2025-11-12,1,1,0
Bihar,Purba Champaran,2025-11-13,1,0,0
Bihar,Purba Champaran,2025-11-14,0,1,0
Bihar,Purba Champaran,2025-11-15,3,2,0
Bihar,Purba Champaran,2025-11-16,1,0,0
Bihar,Purba Champaran,2025-11-17,1,1,0
Bihar,Purba Champaran,2025-11-18,0,4,0
Bihar,Purba Champaran,2025-11-19,3,2,0
Bihar,Purba Champaran,2025-12-15,5,1,0
Bihar,Purba Champaran,2025-12-21,1,0,0
Bihar,Purba Champaran,2025-12-22,2,0,0
Bihar,Purba Champaran,2025-12-23,1,0,0
Bihar,Purba Champaran,2025-12-24,1,0,0
Bihar,Purba Champaran,2025-12-25,2,2,0
Bihar,Purba Champaran,2025-12-26,1,0,0
Bihar,Purba Champaran,2025-12-28,0,1,0
Bihar,Purba Champaran,2025-12-31,1,3,0
Bihar,Purba Champaran,2026-01-01,0,2,0
Bihar,Purba Champaran,2026-01-02,0,2,0
Bihar,Purbi Champaran,2025-03-09,48,120,22
Bihar,Purbi Champaran,2025-03-15,12,121,13
Bihar,Purbi Champaran,2025-06-01,1549,4314,335
Bihar,Purbi Champaran,2025-07-01,2391,5516,430
Bihar,Purnea,2025-06-09,4,1,0
Bihar,Purnea,2025-06-10,6,2,0
Bihar,Purnea,2025-06-11,1,1,0
Bihar,Purnea,2025-06-12,1,0,0
Bihar,Purnea,2025-06-13,3,3,0
Bihar,Purnea,2025-06-14,3,0,0
Bihar,Purnea,2025-06-15,0,1,0
Bihar,Purnea,2025-06-16,3,0,0
Bihar,Purnea,2025-06-17,4,1,0
Bihar,Purnea,2025-06-18,2,4,0
Bihar,Purnea,2025-06-19,5,3,0
Bihar,Purnea,2025-09-01,5,3,0
Bihar,Purnea,2025-09-02,5,2,0
Bihar,Purnea,2025-09-04,1,3,0
Bihar,Purnea,2025-09-05,1,1,0
Bihar,Purnea,2025-09-06,1,0,0
Bihar,Purnea,2025-09-07,1,1,0
Bihar,Purnea,2025-09-08,4,3,0
Bihar,Purnea,2025-09-09,4,4,0
Bihar,Purnea,2025-09-10,6,3,0
Bihar,Purnea,2025-09-11,3,3,0
Bihar,Purnea,2025-09-12,2,4,0
Bihar,Purnea,2025-09-13,1,3,0
Bihar,Purnea,2025-09-16,3,0,0
Bihar,Purnea,2025-09-17,1,0,0
Bihar,Purnea,2025-09-18,0,2,0
Bihar,Purnea,2025-09-19,3,1,0
Bihar,Purnea,2025-09-20,6,1,0
Bihar,Purnea,2025-09-21,0,1,0
Bihar,Purnea,2025-09-22,4,2,0
Bihar,Purnea,2025-09-23,4,0,0
Bihar,Purnea,2025-09-24,1,0,0
Bihar,Purnea,2025-09-25,3,0,0
Bihar,Purnea,2025-09-26,1,2,0
Bihar,Purnea,2025-10-13,2,1,0
Bihar,Purnea,2025-10-15,3,1,0
Bihar,Purnea,2025-10-16,2,2,0
Bihar,Purnea,2025-10-17,7,4,0
Bihar,Purnea,2025-10-18,4,1,0
Bihar,Purnea,2025-10-19,7,1,0
Bihar,Purnea,2025-10-20,1,0,0
Bihar,Purnea,2025-10-21,1,0,0
Bihar,Purnea,2025-10-25,4,2,0
Bihar,Purnea,2025-10-26,2,0,0
Bihar,Purnea,2025-10-28,2,1,0
Bihar,Purnea,2025-10-30,2,0,0
Bihar,Purnea,2025-10-31,2,1,0
Bihar,Purnea,2025-11-02,2,0,0
Bihar,Purnea,2025-11-03,0,1,0
Bihar,Purnea,2025-11-05,3,6,0
Bihar,Purnea,2025-11-06,1,1,0
Bihar,Purnea,2025-11-07,1,1,0
Bihar,Purnea,2025-11-08,2,2,0
Bihar,Purnea,2025-11-09,4,2,0
Bihar,Purnea,2025-11-10,7,2,0
Bihar,Purnea,2025-11-14,0,2,0
Bihar,Purnea,2025-11-15,2,1,0
Bihar,Purnea,2025-11-16,5,0,0
Bihar,Purnea,2025-11-17,1,1,0
Bihar,Purnea,2025-11-18,8,1,0
Bihar,Purnea,2025-11-19,9,3,0
Bihar,Purnea,2025-11-25,6,3,0
Bihar,Purnea,2025-12-15,7,5,0
Bihar,Purnea,2025-12-21,4,0,0
Bihar,Purnea,2025-12-22,11,0,0
Bihar,Purnea,2025-12-24,0,1,0
Bihar,Purnea,2025-12-25,1,4,0
Bihar,Purnea,2025-12-26,4,1,0
Bihar,Purnea,2025-12-29,1,0,0
Bihar,Purnea,2025-12-31,0,2,0
Bihar,Purnea,2026-01-01,3,2,0
Bihar,Purnea,2026-01-02,2,1,0
Bihar,Purnea,2026-01-03,0,2,0
Bihar,Purnia,2025-04-01,517,276,21
Bihar,Purnia,2025-06-01,620,741,57
Bihar,Purnia,2025-06-09,194,173,3
Bihar,Purnia,2025-06-10,158,155,3
Bihar,Purnia,2025-06-11,55,95,3
Bihar,Purnia,2025-06-12,125,124,5
Bihar,Purnia,2025-06-13,121,101,6
Bihar,Purnia,2025-06-14,73,93,6
Bihar,Purnia,2025-06-15,41,34,3
Bihar,Purnia,2025-06-16,133,136,7
Bihar,Purnia,2025-06-17,194,160,4
Bihar,Purnia,2025-06-18,143,132,4
Bihar,Purnia,2025-06-19,150,176,9
Bihar,Purnia,2025-07-01,872,1017,35
Bihar,Purnia,2025-09-01,131,125,0
Bihar,Purnia,2025-09-02,143,91,3
Bihar,Purnia,2025-09-03,143,103,1
Bihar,Purnia,2025-09-04,120,80,0
Bihar,Purnia,2025-09-05,42,27,1
Bihar,Purnia,2025-09-06,107,67,1
Bihar,Purnia,2025-09-07,26,18,1
Bihar,Purnia,2025-09-08,173,84,0
Bihar,Purnia,2025-09-09,149,86,0
Bihar,Purnia,2025-09-10,187,109,0
Bihar,Purnia,2025-09-11,176,126,0
Bihar,Purnia,2025-09-12,141,121,0
Bihar,Purnia,2025-09-13,94,72,0
Bihar,Purnia,2025-09-14,20,11,0
Bihar,Purnia,2025-09-15,39,22,0
Bihar,Purnia,2025-09-16,85,73,0
Bihar,Purnia,2025-09-17,84,42,0
Bihar,Purnia,2025-09-18,153,85,2
Bihar,Purnia,2025-09-19,119,77,0
Bihar,Purnia,2025-09-20,111,72,2
Bihar,Purnia,2025-09-21,10,15,1
Bihar,Purnia,2025-09-22,90,63,1
Bihar,Purnia,2025-09-23,170,96,0
Bihar,Purnia,2025-09-24,249,110,0
Bihar,Purnia,2025-09-25,287,105,0
Bihar,Purnia,2025-09-26,174,78,0
Bihar,Purnia,2025-09-27,86,37,0
Bihar,Purnia,2025-09-28,17,16,1
Bihar,Purnia,2025-09-29,5,13,0
Bihar,Purnia,2025-09-30,2,4,0
Bihar,Purnia,2025-10-13,430,167,1
Bihar,Purnia,2025-10-15,284,143,2
Bihar,Purnia,2025-10-16,175,98,0
Bihar,Purnia,2025-10-17,499,204,2
Bihar,Purnia,2025-10-18,287,181,2
Bihar,Purnia,2025-10-19,313,123,0
Bihar,Purnia,2025-10-20,76,44,0
Bihar,Purnia,2025-10-21,31,23,0
Bihar,Purnia,2025-10-22,2,0,0
Bihar,Purnia,2025-10-23,0,0,14
Bihar,Purnia,2025-10-24,191,97,0
Bihar,Purnia,2025-10-25,129,85,1
Bihar,Purnia,2025-10-26,86,57,0
Bihar,Purnia,2025-10-27,38,34,1
Bihar,Purnia,2025-10-28,66,38,0
Bihar,Purnia,2025-10-29,73,19,0
Bihar,Purnia,2025-10-30,137,66,3
Bihar,Purnia,2025-10-31,103,67,1
Bihar,Purnia,2025-11-01,17,12,2
Bihar,Purnia,2025-11-02,117,129,0
Bihar,Purnia,2025-11-03,47,50,3
Bihar,Purnia,2025-11-04,3,1,0
Bihar,Purnia,2025-11-05,283,184,1
Bihar,Purnia,2025-11-06,79,56,0
Bihar,Purnia,2025-11-07,81,63,0
Bihar,Purnia,2025-11-08,77,69,5
Bihar,Purnia,2025-11-09,92,49,1
Bihar,Purnia,2025-11-10,99,76,2
Bihar,Purnia,2025-11-11,46,25,0
Bihar,Purnia,2025-11-12,33,23,0
Bihar,Purnia,2025-11-13,13,23,0
Bihar,Purnia,2025-11-14,27,18,0
Bihar,Purnia,2025-11-15,182,87,0
Bihar,Purnia,2025-11-16,40,31,0
Bihar,Purnia,2025-11-17,31,19,0
Bihar,Purnia,2025-11-18,101,66,0
Bihar,Purnia,2025-11-19,263,116,3
Bihar,Purnia,2025-11-25,96,70,6
Bihar,Purnia,2025-12-15,443,337,0
Bihar,Purnia,2025-12-21,117,2,0
Bihar,Purnia,2025-12-22,466,10,0
Bihar,Purnia,2025-12-23,145,0,0
Bihar,Purnia,2025-12-24,127,63,2
Bihar,Purnia,2025-12-25,90,133,1
Bihar,Purnia,2025-12-26,143,89,0
Bihar,Purnia,2025-12-27,166,91,0
Bihar,Purnia,2025-12-28,142,58,0
Bihar,Purnia,2025-12-29,129,71,0
Bihar,Purnia,2025-12-31,233,314,10
Bihar,Purnia,2026-01-01,269,177,2
Bihar,Purnia,2026-01-02,203,116,0
Bihar,Purnia,2026-01-03,19,41,1
Bihar,Rohtas,2025-06-09,41,149,2
Bihar,Rohtas,2025-06-10,56,168,2
Bihar,Rohtas,2025-06-11,25,90,2
Bihar,Rohtas,2025-06-12,34,131,0
Bihar,Rohtas,2025-06-13,29,134,1
Bihar,Rohtas,2025-06-14,11,69,0
Bihar,Rohtas,2025-06-15,3,2,4
Bihar,Rohtas,2025-06-16,29,117,2
Bihar,Rohtas,2025-06-17,40,182,0
Bihar,Rohtas,2025-06-18,22,96,1
Bihar,Rohtas,2025-06-19,51,231,3
Bihar,Rohtas,2025-09-01,41,101,0
Bihar,Rohtas,2025-09-02,39,137,1
Bihar,Rohtas,2025-09-03,53,145,0
Bihar,Rohtas,2025-09-04,32,83,1
Bihar,Rohtas,2025-09-05,11,17,1
Bihar,Rohtas,2025-09-06,56,83,0
Bihar,Rohtas,2025-09-07,6,4,0
Bihar,Rohtas,2025-09-08,31,81,1
Bihar,Rohtas,2025-09-09,53,105,2
Bihar,Rohtas,2025-09-10,51,107,0
Bihar,Rohtas,2025-09-11,43,83,0
Bihar,Rohtas,2025-09-12,53,91,0
Bihar,Rohtas,2025-09-13,31,44,0
Bihar,Rohtas,2025-09-14,6,7,0
Bihar,Rohtas,2025-09-15,23,66,0
Bihar,Rohtas,2025-09-16,35,81,0
Bihar,Rohtas,2025-09-17,44,56,1
Bihar,Rohtas,2025-09-18,27,55,0
Bihar,Rohtas,2025-09-19,25,57,1
Bihar,Rohtas,2025-09-20,24,58,1
Bihar,Rohtas,2025-09-21,2,5,0
Bihar,Rohtas,2025-09-22,21,65,1
Bihar,Rohtas,2025-09-23,26,81,0
Bihar,Rohtas,2025-09-24,44,50,0
Bihar,Rohtas,2025-09-25,30,56,0
Bihar,Rohtas,2025-09-26,30,60,0
Bihar,Rohtas,2025-09-27,7,16,0
Bihar,Rohtas,2025-09-28,0,1,0
Bihar,Rohtas,2025-09-29,2,5,1
Bihar,Rohtas,2025-09-30,1,0,0
Bihar,Rohtas,2025-10-13,36,68,8
Bihar,Rohtas,2025-10-15,28,83,3
Bihar,Rohtas,2025-10-16,24,55,8
Bihar,Rohtas,2025-10-17,71,131,1
Bihar,Rohtas,2025-10-18,50,111,12
Bihar,Rohtas,2025-10-19,45,72,3
Bihar,Rohtas,2025-10-20,9,19,0
Bihar,Rohtas,2025-10-21,1,12,0
Bihar,Rohtas,2025-10-22,0,0,1
Bihar,Rohtas,2025-10-23,0,1,0
Bihar,Rohtas,2025-10-24,28,55,2
Bihar,Rohtas,2025-10-25,27,50,0
Bihar,Rohtas,2025-10-26,10,48,1
Bihar,Rohtas,2025-10-27,11,42,1
Bihar,Rohtas,2025-10-28,29,40,0
Bihar,Rohtas,2025-10-29,15,24,2
Bihar,Rohtas,2025-10-30,40,75,4
Bihar,Rohtas,2025-10-31,58,70,1
Bihar,Rohtas,2025-11-01,4,9,0
Bihar,Rohtas,2025-11-02,75,127,0
Bihar,Rohtas,2025-11-03,17,35,0
Bihar,Rohtas,2025-11-04,1,1,0
Bihar,Rohtas,2025-11-05,58,143,1
Bihar,Rohtas,2025-11-06,19,43,0
Bihar,Rohtas,2025-11-07,25,54,0
Bihar,Rohtas,2025-11-08,45,91,0
Bihar,Rohtas,2025-11-09,37,60,0
Bihar,Rohtas,2025-11-10,41,84,1
Bihar,Rohtas,2025-11-11,20,43,2
Bihar,Rohtas,2025-11-12,20,32,0
Bihar,Rohtas,2025-11-13,8,16,0
Bihar,Rohtas,2025-11-14,16,20,0
Bihar,Rohtas,2025-11-15,75,111,1
Bihar,Rohtas,2025-11-16,23,50,1
Bihar,Rohtas,2025-11-17,7,26,7
Bihar,Rohtas,2025-11-18,66,92,0
Bihar,Rohtas,2025-11-19,124,182,0
Bihar,Rohtas,2025-11-25,57,149,0
Bihar,Rohtas,2025-12-15,180,309,1
Bihar,Rohtas,2025-12-21,23,1,0
Bihar,Rohtas,2025-12-22,194,4,0
Bihar,Rohtas,2025-12-23,77,0,0
Bihar,Rohtas,2025-12-24,47,113,2
Bihar,Rohtas,2025-12-25,30,171,2
Bihar,Rohtas,2025-12-26,28,95,0
Bihar,Rohtas,2025-12-27,37,54,1
Bihar,Rohtas,2025-12-28,36,31,0
Bihar,Rohtas,2025-12-29,38,83,2
Bihar,Rohtas,2025-12-31,69,404,6
Bihar,Rohtas,2026-01-01,103,229,1
Bihar,Rohtas,2026-01-02,62,158,0
Bihar,Rohtas,2026-01-03,0,61,0
Bihar,Saharsa,2025-05-01,334,295,13
Bihar,Saharsa,2025-06-01,319,487,20
Bihar,Saharsa,2025-06-09,70,100,0
Bihar,Saharsa,2025-06-10,59,103,2
Bihar,Saharsa,2025-06-11,14,44,2
Bihar,Saharsa,2025-06-12,40,61,5
Bihar,Saharsa,2025-06-13,41,41,0
Bihar,Saharsa,2025-06-14,26,44,3
Bihar,Saharsa,2025-06-15,2,3,1
Bihar,Saharsa,2025-06-16,43,82,7
Bihar,Saharsa,2025-06-17,52,112,2
Bihar,Saharsa,2025-06-18,51,87,1
Bihar,Saharsa,2025-06-19,83,147,6
Bihar,Saharsa,2025-07-01,569,627,42
Bihar,Saharsa,2025-09-01,88,118,5
Bihar,Saharsa,2025-09-02,88,102,2
Bihar,Saharsa,2025-09-03,107,126,3
Bihar,Saharsa,2025-09-04,79,75,2
Bihar,Saharsa,2025-09-05,25,45,1
Bihar,Saharsa,2025-09-06,81,78,3
Bihar,Saharsa,2025-09-07,40,35,0
Bihar,Saharsa,2025-09-08,109,129,3
Bihar,Saharsa,2025-09-09,106,115,0
Bihar,Saharsa,2025-09-10,96,94,2
Bihar,Saharsa,2025-09-11,72,113,2
Bihar,Saharsa,2025-09-12,101,89,3
Bihar,Saharsa,2025-09-13,50,82,0
Bihar,Saharsa,2025-09-14,26,42,1
Bihar,Saharsa,2025-09-15,44,38,0
Bihar,Saharsa,2025-09-16,58,33,1
Bihar,Saharsa,2025-09-17,19,16,0
Bihar,Saharsa,2025-09-18,49,58,3
Bihar,Saharsa,2025-09-19,55,71,1
Bihar,Saharsa,2025-09-20,53,51,0
Bihar,Saharsa,2025-09-21,5,14,0
Bihar,Saharsa,2025-09-22,46,44,0
Bihar,Saharsa,2025-09-23,66,50,3
Bihar,Saharsa,2025-09-24,71,53,0
Bihar,Saharsa,2025-09-25,67,51,1
Bihar,Saharsa,2025-09-26,46,46,0
Bihar,Saharsa,2025-09-27,21,23,3
Bihar,Saharsa,2025-09-28,1,1,0
Bihar,Saharsa,2025-09-29,2,14,0
Bihar,Saharsa,2025-09-30,2,6,0
Bihar,Saharsa,2025-10-13,129,125,3
Bihar,Saharsa,2025-10-15,102,106,3
Bihar,Saharsa,2025-10-16,54,55,1
Bihar,Saharsa,2025-10-17,150,151,3
Bihar,Saharsa,2025-10-18,122,110,2
Bihar,Saharsa,2025-10-19,115,103,2
Bihar,Saharsa,2025-10-20,25,50,1
Bihar,Saharsa,2025-10-21,9,17,0
Bihar,Saharsa,2025-10-23,1,0,1
Bihar,Saharsa,2025-10-24,50,79,5
Bihar,Saharsa,2025-10-25,74,64,10
Bihar,Saharsa,2025-10-26,33,63,6
Bihar,Saharsa,2025-10-27,29,60,3
Bihar,Saharsa,2025-10-28,28,30,2
Bihar,Saharsa,2025-10-29,25,31,0
Bihar,Saharsa,2025-10-30,57,38,1
Bihar,Saharsa,2025-10-31,69,70,1
Bihar,Saharsa,2025-11-01,18,35,0
Bihar,Saharsa,2025-11-02,92,80,0
Bihar,Saharsa,2025-11-03,35,39,2
Bihar,Saharsa,2025-11-05,142,166,0
Bihar,Saharsa,2025-11-06,32,67,4
Bihar,Saharsa,2025-11-07,19,24,1
Bihar,Saharsa,2025-11-08,65,65,1
Bihar,Saharsa,2025-11-09,47,58,3
Bihar,Saharsa,2025-11-10,96,79,1
Bihar,Saharsa,2025-11-11,49,56,11
Bihar,Saharsa,2025-11-12,79,86,1
Bihar,Saharsa,2025-11-13,27,57,2
Bihar,Saharsa,2025-11-14,55,62,0
Bihar,Saharsa,2025-11-15,132,95,0
Bihar,Saharsa,2025-11-16,45,38,0
Bihar,Saharsa,2025-11-17,29,20,4
Bihar,Saharsa,2025-11-18,70,55,4
Bihar,Saharsa,2025-11-19,129,82,1
Bihar,Saharsa,2025-11-25,65,51,1
Bihar,Saharsa,2025-12-15,236,195,1
Bihar,Saharsa,2025-12-21,56,3,0
Bihar,Saharsa,2025-12-22,258,2,0
Bihar,Saharsa,2025-12-23,71,6,0
Bihar,Saharsa,2025-12-24,50,69,10
Bihar,Saharsa,2025-12-25,22,108,1
Bihar,Saharsa,2025-12-26,80,65,0
Bihar,Saharsa,2025-12-27,41,51,0
Bihar,Saharsa,2025-12-28,75,107,0
Bihar,Saharsa,2025-12-29,77,72,1
Bihar,Saharsa,2025-12-31,129,335,9
Bihar,Saharsa,2026-01-01,121,171,4
Bihar,Saharsa,2026-01-02,89,107,6
Bihar,Saharsa,2026-01-03,8,21,2
Bihar,Samastipur,2025-06-09,234,214,2
Bihar,Samastipur,2025-06-10,218,209,2
Bihar,Samastipur,2025-06-11,82,77,3
Bihar,Samastipur,2025-06-12,117,137,5
Bihar,Samastipur,2025-06-13,74,109,3
Bihar,Samastipur,2025-06-14,108,109,1
Bihar,Samastipur,2025-06-15,49,42,6
Bihar,Samastipur,2025-06-16,162,208,5
Bihar,Samastipur,2025-06-17,235,278,9
Bihar,Samastipur,2025-06-18,132,138,4
Bihar,Samastipur,2025-06-19,219,238,5
Bihar,Samastipur,2025-07-01,513,488,13
Bihar,Samastipur,2025-09-01,137,106,0
Bihar,Samastipur,2025-09-02,180,153,0
Bihar,Samastipur,2025-09-03,161,154,3
Bihar,Samastipur,2025-09-04,130,91,3
Bihar,Samastipur,2025-09-05,43,63,1
Bihar,Samastipur,2025-09-06,162,98,2
Bihar,Samastipur,2025-09-07,71,29,2
Bihar,Samastipur,2025-09-08,177,131,1
Bihar,Samastipur,2025-09-09,188,183,1
Bihar,Samastipur,2025-09-10,154,97,1
Bihar,Samastipur,2025-09-11,136,105,1
Bihar,Samastipur,2025-09-12,189,126,3
Bihar,Samastipur,2025-09-13,105,77,0
Bihar,Samastipur,2025-09-14,58,22,1
Bihar,Samastipur,2025-09-15,91,75,0
Bihar,Samastipur,2025-09-16,90,68,0
Bihar,Samastipur,2025-09-17,44,32,0
Bihar,Samastipur,2025-09-18,111,77,0
Bihar,Samastipur,2025-09-19,123,89,0
Bihar,Samastipur,2025-09-20,91,70,2
Bihar,Samastipur,2025-09-21,9,15,0
Bihar,Samastipur,2025-09-22,95,73,1
Bihar,Samastipur,2025-09-23,120,96,0
Bihar,Samastipur,2025-09-24,153,106,6
Bihar,Samastipur,2025-09-25,150,89,2
Bihar,Samastipur,2025-09-26,109,62,0
Bihar,Samastipur,2025-09-27,50,23,1
Bihar,Samastipur,2025-09-28,18,4,0
Bihar,Samastipur,2025-09-29,6,9,0
Bihar,Samastipur,2025-10-13,300,176,5
Bihar,Samastipur,2025-10-15,232,151,7
Bihar,Samastipur,2025-10-16,138,94,2
Bihar,Samastipur,2025-10-17,311,170,0
Bihar,Samastipur,2025-10-18,197,154,9
Bihar,Samastipur,2025-10-19,216,86,2
Bihar,Samastipur,2025-10-20,54,37,2
Bihar,Samastipur,2025-10-21,24,14,1
Bihar,Samastipur,2025-10-23,0,0,4
Bihar,Samastipur,2025-10-24,143,88,7
Bihar,Samastipur,2025-10-25,158,97,1
Bihar,Samastipur,2025-10-26,61,78,2
Bihar,Samastipur,2025-10-27,54,43,1
Bihar,Samastipur,2025-10-28,81,55,0
Bihar,Samastipur,2025-10-29,42,27,0
Bihar,Samastipur,2025-10-30,121,97,4
Bihar,Samastipur,2025-10-31,116,68,1
Bihar,Samastipur,2025-11-01,22,24,1
Bihar,Samastipur,2025-11-02,294,166,1
Bihar,Samastipur,2025-11-03,68,49,4
Bihar,Samastipur,2025-11-04,3,2,0
Bihar,Samastipur,2025-11-05,228,175,2
Bihar,Samastipur,2025-11-06,82,78,6
Bihar,Samastipur,2025-11-07,43,40,0
Bihar,Samastipur,2025-11-08,114,88,0
Bihar,Samastipur,2025-11-09,104,68,1
Bihar,Samastipur,2025-11-10,241,153,5
Bihar,Samastipur,2025-11-11,113,89,1
Bihar,Samastipur,2025-11-12,136,120,1
Bihar,Samastipur,2025-11-13,77,52,2
Bihar,Samastipur,2025-11-14,127,83,2
Bihar,Samastipur,2025-11-15,347,198,1
Bihar,Samastipur,2025-11-16,91,94,3
Bihar,Samastipur,2025-11-17,68,54,4
Bihar,Samastipur,2025-11-18,189,122,2
Bihar,Samastipur,2025-11-19,348,187,1
Bihar,Samastipur,2025-11-25,119,122,4
Bihar,Samastipur,2025-12-15,549,402,1
Bihar,Samastipur,2025-12-21,84,0,0
Bihar,Samastipur,2025-12-22,629,8,0
Bihar,Samastipur,2025-12-23,129,2,0
Bihar,Samastipur,2025-12-24,92,102,1
Bihar,Samastipur,2025-12-25,94,173,3
Bihar,Samastipur,2025-12-26,184,128,0
Bihar,Samastipur,2025-12-27,157,116,0
Bihar,Samastipur,2025-12-28,199,100,0
Bihar,Samastipur,2025-12-29,169,123,0
Bihar,Samastipur,2025-12-31,348,518,13
Bihar,Samastipur,2026-01-01,355,320,2
Bihar,Samastipur,2026-01-02,205,205,8
Bihar,Samastipur,2026-01-03,11,59,2
Bihar,Samstipur,2025-06-10,1,2,0
Bihar,Samstipur,2025-06-12,0,1,0
Bihar,Samstipur,2025-06-13,1,3,0
Bihar,Samstipur,2025-06-14,0,2,0
Bihar,Samstipur,2025-06-15,0,1,0
Bihar,Samstipur,2025-06-16,0,3,0
Bihar,Samstipur,2025-06-17,0,1,0
Bihar,Samstipur,2025-06-19,2,1,0
Bihar,Samstipur,2025-09-02,2,1,0
Bihar,Samstipur,2025-09-03,1,0,0
Bihar,Samstipur,2025-09-04,0,3,0
Bihar,Samstipur,2025-09-08,2,0,0
Bihar,Samstipur,2025-09-09,0,1,0
Bihar,Samstipur,2025-09-10,0,1,0
Bihar,Samstipur,2025-09-13,2,0,0
Bihar,Samstipur,2025-09-16,1,1,0
Bihar,Samstipur,2025-09-17,0,1,0
Bihar,Samstipur,2025-09-20,2,1,0
Bihar,Samstipur,2025-09-23,2,0,0
Bihar,Samstipur,2025-09-26,0,2,0
Bihar,Samstipur,2025-09-29,0,1,0
Bihar,Samstipur,2025-10-13,2,2,0
Bihar,Samstipur,2025-10-15,1,0,0
Bihar,Samstipur,2025-10-24,1,1,0
Bihar,Samstipur,2025-10-25,3,1,0
Bihar,Samstipur,2025-10-27,0,1,0
Bihar,Samstipur,2025-10-29,1,0,0
Bihar,Samstipur,2025-10-30,3,1,0
Bihar,Samstipur,2025-10-31,1,0,0
Bihar,Samstipur,2025-11-02,2,2,0
Bihar,Samstipur,2025-11-03,1,1,0
Bihar,Samstipur,2025-11-05,0,3,0
Bihar,Samstipur,2025-11-06,2,0,0
Bihar,Samstipur,2025-11-07,0,1,0
Bihar,Samstipur,2025-11-09,2,1,0
Bihar,Samstipur,2025-11-10,2,1,0
Bihar,Samstipur,2025-11-14,2,3,0
Bihar,Samstipur,2025-11-15,1,3,0
Bihar,Samstipur,2025-11-16,1,0,0
Bihar,Samstipur,2025-11-18,1,0,0
Bihar,Samstipur,2025-11-19,2,1,0
Bihar,Samstipur,2025-12-22,2,0,0
Bihar,Samstipur,2025-12-24,1,0,0
Bihar,Samstipur,2025-12-25,0,1,0
Bihar,Samstipur,2025-12-27,0,1,0
Bihar,Samstipur,2025-12-28,1,0,0
Bihar,Samstipur,2025-12-31,0,5,0
Bihar,Samstipur,2026-01-01,1,4,0
Bihar,Samstipur,2026-01-02,0,2,0
Bihar,Saran,2025-04-01,143,174,10
Bihar,Saran,2025-06-01,222,864,25
Bihar,Saran,2025-06-09,94,202,6
Bihar,Saran,2025-06-10,69,238,6
Bihar,Saran,2025-06-11,43,119,1
Bihar,Saran,2025-06-12,53,222,7
Bihar,Saran,2025-06-13,53,212,5
Bihar,Saran,2025-06-14,41,158,6
Bihar,Saran,2025-06-15,13,22,2
Bihar,Saran,2025-06-16,49,327,8
Bihar,Saran,2025-06-17,91,374,5
Bihar,Saran,2025-06-18,52,261,9
Bihar,Saran,2025-06-19,78,390,7
Bihar,Saran,2025-07-01,607,1872,52
Bihar,Saran,2025-09-01,90,250,2
Bihar,Saran,2025-09-02,114,218,2
Bihar,Saran,2025-09-03,96,199,3
Bihar,Saran,2025-09-04,80,168,2
Bihar,Saran,2025-09-05,19,32,1
Bihar,Saran,2025-09-06,97,253,2
Bihar,Saran,2025-09-07,15,40,1
Bihar,Saran,2025-09-08,88,205,1
Bihar,Saran,2025-09-09,91,194,0
Bihar,Saran,2025-09-10,96,199,2
Bihar,Saran,2025-09-11,94,221,0
Bihar,Saran,2025-09-12,102,218,2
Bihar,Saran,2025-09-13,64,148,2
Bihar,Saran,2025-09-14,10,33,1
Bihar,Saran,2025-09-15,64,125,0
Bihar,Saran,2025-09-16,72,169,2
Bihar,Saran,2025-09-17,64,86,4
Bihar,Saran,2025-09-18,67,150,0
Bihar,Saran,2025-09-19,62,130,5
Bihar,Saran,2025-09-20,55,174,4
Bihar,Saran,2025-09-21,9,41,1
Bihar,Saran,2025-09-22,55,164,2
Bihar,Saran,2025-09-23,96,211,1
Bihar,Saran,2025-09-24,90,204,1
Bihar,Saran,2025-09-25,127,179,1
Bihar,Saran,2025-09-26,100,136,0
Bihar,Saran,2025-09-27,39,101,1
Bihar,Saran,2025-09-28,4,27,1
Bihar,Saran,2025-09-29,10,56,0
Bihar,Saran,2025-09-30,0,24,0
Bihar,Saran,2025-10-13,193,357,0
Bihar,Saran,2025-10-15,136,304,3
Bihar,Saran,2025-10-16,58,199,1
Bihar,Saran,2025-10-17,255,310,2
Bihar,Saran,2025-10-18,184,347,8
Bihar,Saran,2025-10-19,132,294,4
Bihar,Saran,2025-10-20,42,188,1
Bihar,Saran,2025-10-21,12,64,0
Bihar,Saran,2025-10-22,1,0,0
Bihar,Saran,2025-10-23,1,0,0
Bihar,Saran,2025-10-24,96,212,6
Bihar,Saran,2025-10-25,108,233,3
Bihar,Saran,2025-10-26,41,251,5
Bihar,Saran,2025-10-27,49,193,2
Bihar,Saran,2025-10-28,60,103,0
Bihar,Saran,2025-10-29,39,48,3
Bihar,Saran,2025-10-30,95,130,1
Bihar,Saran,2025-10-31,107,200,0
Bihar,Saran,2025-11-01,16,78,1
Bihar,Saran,2025-11-02,126,174,1
Bihar,Saran,2025-11-03,43,143,0
Bihar,Saran,2025-11-04,3,5,0
Bihar,Saran,2025-11-05,143,318,1
Bihar,Saran,2025-11-06,33,231,3
Bihar,Saran,2025-11-07,25,78,2
Bihar,Saran,2025-11-08,66,95,1
Bihar,Saran,2025-11-09,81,88,1
Bihar,Saran,2025-11-10,136,236,3
Bihar,Saran,2025-11-11,60,148,2
Bihar,Saran,2025-11-12,66,235,6
Bihar,Saran,2025-11-13,54,188,3
Bihar,Saran,2025-11-14,78,151,0
Bihar,Saran,2025-11-15,189,291,2
Bihar,Saran,2025-11-16,73,157,0
Bihar,Saran,2025-11-17,28,77,0
Bihar,Saran,2025-11-18,109,172,0
Bihar,Saran,2025-11-19,165,206,1
Bihar,Saran,2025-11-25,87,182,0
Bihar,Saran,2025-12-15,340,500,2
Bihar,Saran,2025-12-21,83,1,0
Bihar,Saran,2025-12-22,442,9,0
Bihar,Saran,2025-12-23,95,0,3
Bihar,Saran,2025-12-24,73,223,9
Bihar,Saran,2025-12-25,64,383,2
Bihar,Saran,2025-12-26,117,243,4
Bihar,Saran,2025-12-27,69,245,1
Bihar,Saran,2025-12-28,53,149,0
Bihar,Saran,2025-12-29,84,150,2
Bihar,Saran,2025-12-31,136,845,5
Bihar,Saran,2026-01-01,171,376,4
Bihar,Saran,2026-01-02,138,288,7
Bihar,Saran,2026-01-03,6,78,2
Bihar,Sheikhpura,2025-06-09,27,61,0
Bihar,Sheikhpura,2025-06-10,18,41,0
Bihar,Sheikhpura,2025-06-11,1,12,0
Bihar,Sheikhpura,2025-06-12,14,35,3
Bihar,Sheikhpura,2025-06-13,7,43,1
Bihar,Sheikhpura,2025-06-14,7,23,0
Bihar,Sheikhpura,2025-06-15,1,6,0
Bihar,Sheikhpura,2025-06-16,12,51,1
Bihar,Sheikhpura,2025-06-17,16,78,2
Bihar,Sheikhpura,2025-06-18,6,36,0
Bihar,Sheikhpura,2025-06-19,14,47,0
Bihar,Sheikhpura,2025-09-01,15,34,0
Bihar,Sheikhpura,2025-09-02,33,44,0
Bihar,Sheikhpura,2025-09-03,17,44,1
Bihar,Sheikhpura,2025-09-04,13,28,1
Bihar,Sheikhpura,2025-09-05,5,2,0
Bihar,Sheikhpura,2025-09-06,18,33,0
Bihar,Sheikhpura,2025-09-07,1,6,0
Bihar,Sheikhpura,2025-09-08,28,28,0
Bihar,Sheikhpura,2025-09-09,26,42,1
Bihar,Sheikhpura,2025-09-10,22,42,0
Bihar,Sheikhpura,2025-09-11,27,35,1
Bihar,Sheikhpura,2025-09-12,32,53,0
Bihar,Sheikhpura,2025-09-13,18,32,0
Bihar,Sheikhpura,2025-09-14,0,1,0
Bihar,Sheikhpura,2025-09-15,12,27,0
Bihar,Sheikhpura,2025-09-16,31,26,0
Bihar,Sheikhpura,2025-09-17,14,16,0
Bihar,Sheikhpura,2025-09-18,17,33,0
Bihar,Sheikhpura,2025-09-19,25,40,0
Bihar,Sheikhpura,2025-09-20,15,32,0
Bihar,Sheikhpura,2025-09-21,1,8,0
Bihar,Sheikhpura,2025-09-22,19,27,0
Bihar,Sheikhpura,2025-09-23,25,51,0
Bihar,Sheikhpura,2025-09-24,15,23,0
Bihar,Sheikhpura,2025-09-25,19,18,0
Bihar,Sheikhpura,2025-09-26,8,19,0
Bihar,Sheikhpura,2025-09-27,5,12,0
Bihar,Sheikhpura,2025-09-28,0,3,0
Bihar,Sheikhpura,2025-09-29,1,1,0
Bihar,Sheikhpura,2025-09-30,0,1,0
Bihar,Sheikhpura,2025-10-13,25,78,0
Bihar,Sheikhpura,2025-10-15,20,38,2
Bihar,Sheikhpura,2025-10-16,15,26,1
Bihar,Sheikhpura,2025-10-17,35,63,0
Bihar,Sheikhpura,2025-10-18,23,48,0
Bihar,Sheikhpura,2025-10-19,27,34,0
Bihar,Sheikhpura,2025-10-20,4,7,0
Bihar,Sheikhpura,2025-10-21,2,5,0
Bihar,Sheikhpura,2025-10-24,18,29,0
Bihar,Sheikhpura,2025-10-25,15,23,0
Bihar,Sheikhpura,2025-10-26,8,30,0
Bihar,Sheikhpura,2025-10-27,11,12,0
Bihar,Sheikhpura,2025-10-28,17,22,0
Bihar,Sheikhpura,2025-10-29,6,14,0
Bihar,Sheikhpura,2025-10-30,14,41,1
Bihar,Sheikhpura,2025-10-31,22,26,1
Bihar,Sheikhpura,2025-11-01,3,7,1
Bihar,Sheikhpura,2025-11-02,36,37,0
Bihar,Sheikhpura,2025-11-03,4,10,0
Bihar,Sheikhpura,2025-11-04,1,0,0
Bihar,Sheikhpura,2025-11-05,27,41,1
Bihar,Sheikhpura,2025-11-06,7,21,1
Bihar,Sheikhpura,2025-11-07,0,5,0
Bihar,Sheikhpura,2025-11-08,12,13,1
Bihar,Sheikhpura,2025-11-09,13,11,0
Bihar,Sheikhpura,2025-11-10,25,33,0
Bihar,Sheikhpura,2025-11-11,13,17,1
Bihar,Sheikhpura,2025-11-12,3,9,0
Bihar,Sheikhpura,2025-11-13,7,13,0
Bihar,Sheikhpura,2025-11-14,13,18,1
Bihar,Sheikhpura,2025-11-15,26,35,1
Bihar,Sheikhpura,2025-11-16,6,14,0
Bihar,Sheikhpura,2025-11-17,1,3,0
Bihar,Sheikhpura,2025-11-18,24,19,0
Bihar,Sheikhpura,2025-11-19,40,43,0
Bihar,Sheikhpura,2025-11-25,17,17,0
Bihar,Sheikhpura,2025-12-15,68,108,0
Bihar,Sheikhpura,2025-12-21,2,0,0
Bihar,Sheikhpura,2025-12-22,44,1,0
Bihar,Sheikhpura,2025-12-23,20,0,0
Bihar,Sheikhpura,2025-12-24,11,13,1
Bihar,Sheikhpura,2025-12-25,6,28,0
Bihar,Sheikhpura,2025-12-26,7,13,0
Bihar,Sheikhpura,2025-12-27,10,7,0
Bihar,Sheikhpura,2025-12-28,16,16,0
Bihar,Sheikhpura,2025-12-29,8,10,1
Bihar,Sheikhpura,2025-12-31,20,80,1
Bihar,Sheikhpura,2026-01-01,28,71,1
Bihar,Sheikhpura,2026-01-02,10,27,1
Bihar,Sheikhpura,2026-01-03,1,11,0
Bihar,Sheikpura,2025-06-09,0,1,0
Bihar,Sheikpura,2025-06-14,0,1,0
Bihar,Sheikpura,2025-06-17,0,1,0
Bihar,Sheikpura,2025-06-19,0,1,0
Bihar,Sheikpura,2025-09-01,2,0,0
Bihar,Sheikpura,2025-09-02,1,1,0
Bihar,Sheikpura,2025-09-04,0,1,0
Bihar,Sheikpura,2025-09-09,0,1,0
Bihar,Sheikpura,2025-09-10,1,1,0
Bihar,Sheikpura,2025-09-15,0,1,0
Bihar,Sheikpura,2025-09-18,0,2,0
Bihar,Sheikpura,2025-10-13,1,0,0
Bihar,Sheikpura,2025-10-17,0,1,0
Bihar,Sheikpura,2025-10-30,1,0,0
Bihar,Sheikpura,2025-11-10,1,0,0
Bihar,Sheikpura,2025-11-14,0,1,0
Bihar,Sheikpura,2025-11-15,1,1,0
Bihar,Sheikpura,2025-11-16,0,1,0
Bihar,Sheikpura,2025-11-18,0,1,0
Bihar,Sheikpura,2025-11-25,0,2,0
Bihar,Sheikpura,2025-12-15,2,0,0
Bihar,Sheikpura,2025-12-26,1,0,0
Bihar,Sheikpura,2025-12-27,0,1,0
Bihar,Sheikpura,2025-12-31,0,1,0
Bihar,Sheohar,2025-06-09,46,41,0
Bihar,Sheohar,2025-06-10,39,30,2
Bihar,Sheohar,2025-06-11,29,16,0
Bihar,Sheohar,2025-06-12,25,33,0
Bihar,Sheohar,2025-06-13,34,27,0
Bihar,Sheohar,2025-06-14,28,17,0
Bihar,Sheohar,2025-06-15,2,0,1
Bihar,Sheohar,2025-06-16,40,35,0
Bihar,Sheohar,2025-06-17,42,49,0
Bihar,Sheohar,2025-06-18,23,26,0
Bihar,Sheohar,2025-06-19,43,49,2
Bihar,Sheohar,2025-09-01,22,22,0
Bihar,Sheohar,2025-09-02,23,18,0
Bihar,Sheohar,2025-09-03,27,29,0
Bihar,Sheohar,2025-09-04,18,3,0
Bihar,Sheohar,2025-09-05,14,5,0
Bihar,Sheohar,2025-09-06,24,10,1
Bihar,Sheohar,2025-09-07,3,4,0
Bihar,Sheohar,2025-09-08,36,21,1
Bihar,Sheohar,2025-09-09,31,21,0
Bihar,Sheohar,2025-09-10,32,18,1
Bihar,Sheohar,2025-09-11,29,15,0
Bihar,Sheohar,2025-09-12,25,27,1
Bihar,Sheohar,2025-09-13,21,14,0
Bihar,Sheohar,2025-09-14,1,2,0
Bihar,Sheohar,2025-09-15,23,10,0
Bihar,Sheohar,2025-09-16,19,14,0
Bihar,Sheohar,2025-09-17,10,11,0
Bihar,Sheohar,2025-09-18,20,13,0
Bihar,Sheohar,2025-09-19,24,11,0
Bihar,Sheohar,2025-09-20,6,8,0
Bihar,Sheohar,2025-09-21,0,2,0
Bihar,Sheohar,2025-09-22,9,18,0
Bihar,Sheohar,2025-09-23,18,12,0
Bihar,Sheohar,2025-09-24,20,6,0
Bihar,Sheohar,2025-09-25,23,10,0
Bihar,Sheohar,2025-09-26,10,5,0
Bihar,Sheohar,2025-09-27,6,1,0
Bihar,Sheohar,2025-09-28,3,1,0
Bihar,Sheohar,2025-09-29,1,3,0
Bihar,Sheohar,2025-10-13,53,15,0
Bihar,Sheohar,2025-10-15,28,22,0
Bihar,Sheohar,2025-10-16,25,9,0
Bihar,Sheohar,2025-10-17,87,35,0
Bihar,Sheohar,2025-10-18,37,25,0
Bihar,Sheohar,2025-10-19,35,13,0
Bihar,Sheohar,2025-10-20,15,10,0
Bihar,Sheohar,2025-10-21,2,3,0
Bihar,Sheohar,2025-10-24,15,12,1
Bihar,Sheohar,2025-10-25,35,13,0
Bihar,Sheohar,2025-10-26,13,10,0
Bihar,Sheohar,2025-10-27,11,8,0
Bihar,Sheohar,2025-10-28,13,7,0
Bihar,Sheohar,2025-10-29,3,7,0
Bihar,Sheohar,2025-10-30,20,15,0
Bihar,Sheohar,2025-10-31,18,11,0
Bihar,Sheohar,2025-11-01,2,1,0
Bihar,Sheohar,2025-11-02,36,34,0
Bihar,Sheohar,2025-11-03,25,7,1
Bihar,Sheohar,2025-11-04,3,0,0
Bihar,Sheohar,2025-11-05,46,31,0
Bihar,Sheohar,2025-11-06,33,12,0
Bihar,Sheohar,2025-11-07,21,13,1
Bihar,Sheohar,2025-11-08,17,16,0
Bihar,Sheohar,2025-11-09,21,10,0
Bihar,Sheohar,2025-11-10,39,25,0
Bihar,Sheohar,2025-11-11,20,10,0
Bihar,Sheohar,2025-11-12,3,10,0
Bihar,Sheohar,2025-11-13,2,3,0
Bihar,Sheohar,2025-11-14,11,7,0
Bihar,Sheohar,2025-11-15,58,25,0
Bihar,Sheohar,2025-11-16,10,8,0
Bihar,Sheohar,2025-11-17,5,2,0
Bihar,Sheohar,2025-11-18,24,16,0
Bihar,Sheohar,2025-11-19,73,25,0
Bihar,Sheohar,2025-11-25,31,23,0
Bihar,Sheohar,2025-12-15,106,91,0
Bihar,Sheohar,2025-12-21,25,0,0
Bihar,Sheohar,2025-12-22,100,0,0
Bihar,Sheohar,2025-12-23,25,0,0
Bihar,Sheohar,2025-12-24,15,15,0
Bihar,Sheohar,2025-12-25,9,30,0
Bihar,Sheohar,2025-12-26,47,12,0
Bihar,Sheohar,2025-12-27,74,15,0
Bihar,Sheohar,2025-12-28,74,23,0
Bihar,Sheohar,2025-12-29,41,18,1
Bihar,Sheohar,2025-12-31,51,113,3
Bihar,Sheohar,2026-01-01,50,49,0
Bihar,Sheohar,2026-01-02,33,28,0
Bihar,Sheohar,2026-01-03,2,4,0
Bihar,Sitamarhi,2025-03-09,127,353,104
Bihar,Sitamarhi,2025-03-15,42,117,59
Bihar,Sitamarhi,2025-03-20,51,67,49
Bihar,Sitamarhi,2025-03-23,34,41,10
Bihar,Sitamarhi,2025-03-27,82,118,81
Bihar,Sitamarhi,2025-04-01,2452,1625,487
Bihar,Sitamarhi,2025-05-01,2961,2387,348
Bihar,Sitamarhi,2025-06-01,2839,3126,511
Bihar,Sitamarhi,2025-06-09,141,201,20
Bihar,Sitamarhi,2025-06-10,177,193,18
Bihar,Sitamarhi,2025-06-11,79,80,11
Bihar,Sitamarhi,2025-06-12,102,219,18
Bihar,Sitamarhi,2025-06-13,114,108,27
Bihar,Sitamarhi,2025-06-14,63,119,16
Bihar,Sitamarhi,2025-06-15,12,16,4
Bihar,Sitamarhi,2025-06-16,117,207,35
Bihar,Sitamarhi,2025-06-17,176,249,36
Bihar,Sitamarhi,2025-06-18,115,161,21
Bihar,Sitamarhi,2025-06-19,152,215,16
Bihar,Sitamarhi,2025-07-01,3852,4519,746
Bihar,Sitamarhi,2025-09-01,115,128,3
Bihar,Sitamarhi,2025-09-02,126,117,7
Bihar,Sitamarhi,2025-09-03,120,143,12
Bihar,Sitamarhi,2025-09-04,82,96,6
Bihar,Sitamarhi,2025-09-05,33,41,2
Bihar,Sitamarhi,2025-09-06,107,125,6
Bihar,Sitamarhi,2025-09-07,22,24,2
Bihar,Sitamarhi,2025-09-08,113,93,5
Bihar,Sitamarhi,2025-09-09,192,166,4
Bihar,Sitamarhi,2025-09-10,134,97,2
Bihar,Sitamarhi,2025-09-11,135,115,3
Bihar,Sitamarhi,2025-09-12,120,123,3
Bihar,Sitamarhi,2025-09-13,87,78,5
Bihar,Sitamarhi,2025-09-14,21,21,1
Bihar,Sitamarhi,2025-09-15,64,58,1
Bihar,Sitamarhi,2025-09-16,78,67,5
Bihar,Sitamarhi,2025-09-17,55,52,2
Bihar,Sitamarhi,2025-09-18,94,85,9
Bihar,Sitamarhi,2025-09-19,117,65,9
Bihar,Sitamarhi,2025-09-20,56,62,7
Bihar,Sitamarhi,2025-09-21,4,10,3
Bihar,Sitamarhi,2025-09-22,53,38,10
Bihar,Sitamarhi,2025-09-23,78,66,13
Bihar,Sitamarhi,2025-09-24,138,60,2
Bihar,Sitamarhi,2025-09-25,136,36,3
Bihar,Sitamarhi,2025-09-26,107,42,1
Bihar,Sitamarhi,2025-09-27,26,19,0
Bihar,Sitamarhi,2025-09-28,6,14,0
Bihar,Sitamarhi,2025-09-29,7,6,1
Bihar,Sitamarhi,2025-09-30,0,1,0
Bihar,Sitamarhi,2025-10-13,249,143,7
Bihar,Sitamarhi,2025-10-15,152,114,4
Bihar,Sitamarhi,2025-10-16,98,81,9
Bihar,Sitamarhi,2025-10-17,298,198,4
Bihar,Sitamarhi,2025-10-18,235,188,9
Bihar,Sitamarhi,2025-10-19,204,107,4
Bihar,Sitamarhi,2025-10-20,35,61,2
Bihar,Sitamarhi,2025-10-21,15,28,1
Bihar,Sitamarhi,2025-10-23,1,1,0
Bihar,Sitamarhi,2025-10-24,116,79,7
Bihar,Sitamarhi,2025-10-25,158,92,3
Bihar,Sitamarhi,2025-10-26,51,78,3
Bihar,Sitamarhi,2025-10-27,49,43,4
Bihar,Sitamarhi,2025-10-28,58,52,2
Bihar,Sitamarhi,2025-10-29,39,22,0
Bihar,Sitamarhi,2025-10-30,117,72,1
Bihar,Sitamarhi,2025-10-31,107,68,7
Bihar,Sitamarhi,2025-11-01,21,27,4
Bihar,Sitamarhi,2025-11-02,159,128,1
Bihar,Sitamarhi,2025-11-03,49,41,3
Bihar,Sitamarhi,2025-11-04,3,1,0
Bihar,Sitamarhi,2025-11-05,280,185,9
Bihar,Sitamarhi,2025-11-06,109,94,15
Bihar,Sitamarhi,2025-11-07,75,83,5
Bihar,Sitamarhi,2025-11-08,109,111,4
Bihar,Sitamarhi,2025-11-09,82,60,1
Bihar,Sitamarhi,2025-11-10,130,106,2
Bihar,Sitamarhi,2025-11-11,54,46,3
Bihar,Sitamarhi,2025-11-12,25,60,4
Bihar,Sitamarhi,2025-11-13,19,44,2
Bihar,Sitamarhi,2025-11-14,32,37,3
Bihar,Sitamarhi,2025-11-15,240,137,4
Bihar,Sitamarhi,2025-11-16,64,65,6
Bihar,Sitamarhi,2025-11-17,31,36,2
Bihar,Sitamarhi,2025-11-18,124,109,5
Bihar,Sitamarhi,2025-11-19,310,170,5
Bihar,Sitamarhi,2025-11-25,141,129,8
Bihar,Sitamarhi,2025-12-15,434,333,1
Bihar,Sitamarhi,2025-12-21,63,6,0
Bihar,Sitamarhi,2025-12-22,409,4,0
Bihar,Sitamarhi,2025-12-23,75,0,0
Bihar,Sitamarhi,2025-12-24,99,84,0
Bihar,Sitamarhi,2025-12-25,60,210,3
Bihar,Sitamarhi,2025-12-26,164,123,0
Bihar,Sitamarhi,2025-12-27,96,107,1
Bihar,Sitamarhi,2025-12-28,109,122,0
Bihar,Sitamarhi,2025-12-29,132,94,0
Bihar,Sitamarhi,2025-12-31,261,383,27
Bihar,Sitamarhi,2026-01-01,236,223,13
Bihar,Sitamarhi,2026-01-02,138,175,7
Bihar,Sitamarhi,2026-01-03,10,44,3
Bihar,Siwan,2025-05-01,269,384,12
Bihar,Siwan,2025-06-01,185,298,21
Bihar,Siwan,2025-06-09,105,190,6
Bihar,Siwan,2025-06-10,86,181,0
Bihar,Siwan,2025-06-11,59,114,2
Bihar,Siwan,2025-06-12,65,142,2
Bihar,Siwan,2025-06-13,44,138,2
Bihar,Siwan,2025-06-14,47,74,3
Bihar,Siwan,2025-06-15,20,24,1
Bihar,Siwan,2025-06-16,76,214,1
Bihar,Siwan,2025-06-17,83,251,2
Bihar,Siwan,2025-06-18,83,178,6
Bihar,Siwan,2025-06-19,93,298,8
Bihar,Siwan,2025-07-01,192,414,12
Bihar,Siwan,2025-09-01,85,152,1
Bihar,Siwan,2025-09-02,101,169,2
Bihar,Siwan,2025-09-03,95,156,0
Bihar,Siwan,2025-09-04,67,152,1
Bihar,Siwan,2025-09-05,14,33,0
Bihar,Siwan,2025-09-06,88,155,0
Bihar,Siwan,2025-09-07,4,9,1
Bihar,Siwan,2025-09-08,130,159,0
Bihar,Siwan,2025-09-09,106,173,1
Bihar,Siwan,2025-09-10,104,135,0
Bihar,Siwan,2025-09-11,72,128,0
Bihar,Siwan,2025-09-12,83,122,0
Bihar,Siwan,2025-09-13,52,92,0
Bihar,Siwan,2025-09-14,11,8,1
Bihar,Siwan,2025-09-15,65,93,1
Bihar,Siwan,2025-09-16,68,100,1
Bihar,Siwan,2025-09-17,22,56,0
Bihar,Siwan,2025-09-18,65,73,2
Bihar,Siwan,2025-09-19,41,68,1
Bihar,Siwan,2025-09-20,44,80,0
Bihar,Siwan,2025-09-21,5,16,0
Bihar,Siwan,2025-09-22,56,94,1
Bihar,Siwan,2025-09-23,56,87,0
Bihar,Siwan,2025-09-24,68,92,0
Bihar,Siwan,2025-09-25,76,103,0
Bihar,Siwan,2025-09-26,51,65,0
Bihar,Siwan,2025-09-27,14,38,0
Bihar,Siwan,2025-09-28,4,8,1
Bihar,Siwan,2025-09-29,5,11,0
Bihar,Siwan,2025-09-30,0,4,0
Bihar,Siwan,2025-10-13,157,214,7
Bihar,Siwan,2025-10-15,131,163,6
Bihar,Siwan,2025-10-16,67,109,8
Bihar,Siwan,2025-10-17,159,186,3
Bihar,Siwan,2025-10-18,140,207,0
Bihar,Siwan,2025-10-19,124,158,2
Bihar,Siwan,2025-10-20,25,75,1
Bihar,Siwan,2025-10-21,9,23,0
Bihar,Siwan,2025-10-24,70,87,4
Bihar,Siwan,2025-10-25,97,139,0
Bihar,Siwan,2025-10-26,48,123,1
Bihar,Siwan,2025-10-27,38,96,1
Bihar,Siwan,2025-10-28,47,51,0
Bihar,Siwan,2025-10-29,36,40,2
Bihar,Siwan,2025-10-30,105,105,3
Bihar,Siwan,2025-10-31,89,156,5
Bihar,Siwan,2025-11-01,11,52,2
Bihar,Siwan,2025-11-02,116,157,0
Bihar,Siwan,2025-11-03,25,78,1
Bihar,Siwan,2025-11-04,4,1,0
Bihar,Siwan,2025-11-05,126,188,1
Bihar,Siwan,2025-11-06,37,115,1
Bihar,Siwan,2025-11-07,27,63,3
Bihar,Siwan,2025-11-08,69,88,1
Bihar,Siwan,2025-11-09,81,64,1
Bihar,Siwan,2025-11-10,109,168,1
Bihar,Siwan,2025-11-11,80,96,2
Bihar,Siwan,2025-11-12,65,128,9
Bihar,Siwan,2025-11-13,37,88,0
Bihar,Siwan,2025-11-14,69,107,0
Bihar,Siwan,2025-11-15,215,225,0
Bihar,Siwan,2025-11-16,53,97,0
Bihar,Siwan,2025-11-17,33,50,4
Bihar,Siwan,2025-11-18,102,99,2
Bihar,Siwan,2025-11-19,165,151,0
Bihar,Siwan,2025-11-25,61,82,2
Bihar,Siwan,2025-12-15,253,298,1
Bihar,Siwan,2025-12-21,37,0,0
Bihar,Siwan,2025-12-22,212,4,0
Bihar,Siwan,2025-12-23,85,1,0
Bihar,Siwan,2025-12-24,41,96,1
Bihar,Siwan,2025-12-25,41,179,1
Bihar,Siwan,2025-12-26,66,120,0
Bihar,Siwan,2025-12-27,57,118,1
Bihar,Siwan,2025-12-28,64,87,0
Bihar,Siwan,2025-12-29,62,106,0
Bihar,Siwan,2025-12-31,103,450,3
Bihar,Siwan,2026-01-01,152,242,2
Bihar,Siwan,2026-01-02,78,186,0
Bihar,Siwan,2026-01-03,6,54,0
Bihar,Supaul,2025-06-09,79,106,2
Bihar,Supaul,2025-06-10,65,114,1
Bihar,Supaul,2025-06-11,29,30,2
Bihar,Supaul,2025-06-12,42,70,3
Bihar,Supaul,2025-06-13,42,68,4
Bihar,Supaul,2025-06-14,51,55,3
Bihar,Supaul,2025-06-15,17,22,1
Bihar,Supaul,2025-06-16,54,86,6
Bihar,Supaul,2025-06-17,87,125,3
Bihar,Supaul,2025-06-18,59,85,7
Bihar,Supaul,2025-06-19,69,100,2
Bihar,Supaul,2025-09-01,69,70,5
Bihar,Supaul,2025-09-02,82,102,2
Bihar,Supaul,2025-09-03,64,64,2
Bihar,Supaul,2025-09-04,46,36,0
Bihar,Supaul,2025-09-05,21,12,0
Bihar,Supaul,2025-09-06,48,41,2
Bihar,Supaul,2025-09-07,6,3,0
Bihar,Supaul,2025-09-08,59,33,2
Bihar,Supaul,2025-09-09,100,66,0
Bihar,Supaul,2025-09-10,80,54,5
Bihar,Supaul,2025-09-11,56,48,2
Bihar,Supaul,2025-09-12,42,44,5
Bihar,Supaul,2025-09-13,42,27,4
Bihar,Supaul,2025-09-14,6,1,1
Bihar,Supaul,2025-09-15,36,37,5
Bihar,Supaul,2025-09-16,37,45,3
Bihar,Supaul,2025-09-17,38,32,0
Bihar,Supaul,2025-09-18,40,33,0
Bihar,Supaul,2025-09-19,47,46,0
Bihar,Supaul,2025-09-20,49,46,3
Bihar,Supaul,2025-09-21,5,8,0
Bihar,Supaul,2025-09-22,54,48,4
Bihar,Supaul,2025-09-23,101,84,1
Bihar,Supaul,2025-09-24,126,79,4
Bihar,Supaul,2025-09-25,87,41,1
Bihar,Supaul,2025-09-26,52,22,1
Bihar,Supaul,2025-09-27,26,22,0
Bihar,Supaul,2025-09-28,2,3,0
Bihar,Supaul,2025-09-29,4,3,0
Bihar,Supaul,2025-09-30,0,5,2
Bihar,Supaul,2025-10-13,183,107,5
Bihar,Supaul,2025-10-15,143,112,5
Bihar,Supaul,2025-10-16,88,76,5
Bihar,Supaul,2025-10-17,188,122,0
Bihar,Supaul,2025-10-18,219,149,2
Bihar,Supaul,2025-10-19,215,119,2
Bihar,Supaul,2025-10-20,62,52,3
Bihar,Supaul,2025-10-21,20,33,0
Bihar,Supaul,2025-10-23,1,2,1
Bihar,Supaul,2025-10-24,92,110,2
Bihar,Supaul,2025-10-25,114,73,0
Bihar,Supaul,2025-10-26,59,75,7
Bihar,Supaul,2025-10-27,32,60,6
Bihar,Supaul,2025-10-28,40,37,2
Bihar,Supaul,2025-10-29,39,34,4
Bihar,Supaul,2025-10-30,102,66,0
Bihar,Supaul,2025-10-31,110,85,4
Bihar,Supaul,2025-11-01,22,29,2
Bihar,Supaul,2025-11-02,97,78,1
Bihar,Supaul,2025-11-03,42,41,2
Bihar,Supaul,2025-11-04,0,3,0
Bihar,Supaul,2025-11-05,196,176,5
Bihar,Supaul,2025-11-06,74,120,8
Bihar,Supaul,2025-11-07,65,60,2
Bihar,Supaul,2025-11-08,94,80,2
Bihar,Supaul,2025-11-09,77,73,1
Bihar,Supaul,2025-11-10,116,64,1
Bihar,Supaul,2025-11-11,51,40,0
Bihar,Supaul,2025-11-12,43,51,1
Bihar,Supaul,2025-11-13,12,19,1
Bihar,Supaul,2025-11-14,23,42,0
Bihar,Supaul,2025-11-15,98,73,1
Bihar,Supaul,2025-11-16,32,43,0
Bihar,Supaul,2025-11-17,19,19,0
Bihar,Supaul,2025-11-18,76,62,2
Bihar,Supaul,2025-11-19,145,56,1
Bihar,Supaul,2025-11-25,73,52,3
Bihar,Supaul,2025-12-15,238,179,2
Bihar,Supaul,2025-12-21,45,1,0
Bihar,Supaul,2025-12-22,376,4,0
Bihar,Supaul,2025-12-23,85,3,0
Bihar,Supaul,2025-12-24,64,62,4
Bihar,Supaul,2025-12-25,49,114,2
Bihar,Supaul,2025-12-26,64,80,2
Bihar,Supaul,2025-12-27,63,105,6
Bihar,Supaul,2025-12-28,69,83,2
Bihar,Supaul,2025-12-29,87,57,1
Bihar,Supaul,2025-12-31,124,305,14
Bihar,Supaul,2026-01-01,166,161,5
Bihar,Supaul,2026-01-02,95,79,7
Bihar,Supaul,2026-01-03,7,31,2
Bihar,Vaishali,2025-04-01,270,217,10
Bihar,Vaishali,2025-06-09,130,214,0
Bihar,Vaishali,2025-06-10,134,209,5
Bihar,Vaishali,2025-06-11,53,76,2
Bihar,Vaishali,2025-06-12,80,160,3
Bihar,Vaishali,2025-06-13,71,146,3
Bihar,Vaishali,2025-06-14,54,87,2
Bihar,Vaishali,2025-06-15,24,19,4
Bihar,Vaishali,2025-06-16,82,211,4
Bihar,Vaishali,2025-06-17,122,295,2
Bihar,Vaishali,2025-06-18,78,181,2
Bihar,Vaishali,2025-06-19,130,276,2
Bihar,Vaishali,2025-09-01,118,160,0
Bihar,Vaishali,2025-09-02,102,200,0
Bihar,Vaishali,2025-09-03,139,176,0
Bihar,Vaishali,2025-09-04,101,133,0
Bihar,Vaishali,2025-09-05,64,82,0
Bihar,Vaishali,2025-09-06,114,167,0
Bihar,Vaishali,2025-09-07,20,17,0
Bihar,Vaishali,2025-09-08,126,197,0
Bihar,Vaishali,2025-09-09,150,169,1
Bihar,Vaishali,2025-09-10,149,185,0
Bihar,Vaishali,2025-09-11,110,190,0
Bihar,Vaishali,2025-09-12,167,212,0
Bihar,Vaishali,2025-09-13,84,121,0
Bihar,Vaishali,2025-09-14,13,9,0
Bihar,Vaishali,2025-09-15,87,117,0
Bihar,Vaishali,2025-09-16,95,127,2
Bihar,Vaishali,2025-09-17,40,47,2
Bihar,Vaishali,2025-09-18,105,102,0
Bihar,Vaishali,2025-09-19,83,159,0
Bihar,Vaishali,2025-09-20,82,167,0
Bihar,Vaishali,2025-09-21,2,13,0
Bihar,Vaishali,2025-09-22,85,129,0
Bihar,Vaishali,2025-09-23,103,127,0
Bihar,Vaishali,2025-09-24,139,116,0
Bihar,Vaishali,2025-09-25,122,110,0
Bihar,Vaishali,2025-09-26,113,98,0
Bihar,Vaishali,2025-09-27,34,41,0
Bihar,Vaishali,2025-09-28,8,2,0
Bihar,Vaishali,2025-09-29,7,41,0
Bihar,Vaishali,2025-09-30,0,3,0
Bihar,Vaishali,2025-10-13,248,259,1
Bihar,Vaishali,2025-10-15,193,186,4
Bihar,Vaishali,2025-10-16,87,113,8
Bihar,Vaishali,2025-10-17,285,256,1
Bihar,Vaishali,2025-10-18,192,227,2
Bihar,Vaishali,2025-10-19,187,161,0
Bihar,Vaishali,2025-10-20,43,77,0
Bihar,Vaishali,2025-10-21,18,47,0
Bihar,Vaishali,2025-10-22,0,2,0
Bihar,Vaishali,2025-10-23,0,0,2
Bihar,Vaishali,2025-10-24,118,132,2
Bihar,Vaishali,2025-10-25,160,172,0
Bihar,Vaishali,2025-10-26,78,160,0
Bihar,Vaishali,2025-10-27,49,110,0
Bihar,Vaishali,2025-10-28,40,80,0
Bihar,Vaishali,2025-10-29,37,32,0
Bihar,Vaishali,2025-10-30,111,102,0
Bihar,Vaishali,2025-10-31,108,127,0
Bihar,Vaishali,2025-11-01,16,71,0
Bihar,Vaishali,2025-11-02,126,111,0
Bihar,Vaishali,2025-11-03,63,99,0
Bihar,Vaishali,2025-11-04,6,0,0
Bihar,Vaishali,2025-11-05,180,218,0
Bihar,Vaishali,2025-11-06,41,132,1
Bihar,Vaishali,2025-11-07,26,56,0
Bihar,Vaishali,2025-11-08,89,101,1
Bihar,Vaishali,2025-11-09,86,75,0
Bihar,Vaishali,2025-11-10,140,137,0
Bihar,Vaishali,2025-11-11,101,87,2
Bihar,Vaishali,2025-11-12,59,155,0
Bihar,Vaishali,2025-11-13,48,94,0
Bihar,Vaishali,2025-11-14,98,118,0
Bihar,Vaishali,2025-11-15,220,193,0
Bihar,Vaishali,2025-11-16,66,116,0
Bihar,Vaishali,2025-11-17,29,55,2
Bihar,Vaishali,2025-11-18,121,119,0
Bihar,Vaishali,2025-11-19,209,191,0
Bihar,Vaishali,2025-11-25,69,83,0
Bihar,Vaishali,2025-12-15,395,362,1
Bihar,Vaishali,2025-12-21,64,0,0
Bihar,Vaishali,2025-12-22,477,3,0
Bihar,Vaishali,2025-12-23,103,0,0
Bihar,Vaishali,2025-12-24,99,99,3
Bihar,Vaishali,2025-12-25,62,193,0
Bihar,Vaishali,2025-12-26,93,123,0
Bihar,Vaishali,2025-12-27,75,137,0
Bihar,Vaishali,2025-12-28,61,87,0
Bihar,Vaishali,2025-12-29,102,128,0
Bihar,Vaishali,2025-12-31,191,502,7
Bihar,Vaishali,2026-01-01,209,298,1
Bihar,Vaishali,2026-01-02,147,216,2
Bihar,Vaishali,2026-01-03,7,62,1
Bihar,West Champaran,2025-04-01,2826,3724,159
Bihar,West Champaran,2025-05-01,1934,2875,157
Bihar,West Champaran,2025-06-09,106,197,10
Bihar,West Champaran,2025-06-10,96,219,6
Bihar,West Champaran,2025-06-11,70,170,17
Bihar,West Champaran,2025-06-12,57,202,11
Bihar,West Champaran,2025-06-13,51,173,7
Bihar,West Champaran,2025-06-14,50,143,10
Bihar,West Champaran,2025-06-15,22,73,10
Bihar,West Champaran,2025-06-16,71,231,11
Bihar,West Champaran,2025-06-17,112,300,19
Bihar,West Champaran,2025-06-18,65,190,14
Bihar,West Champaran,2025-06-19,92,298,21
Bihar,West Champaran,2025-09-01,111,192,5
Bihar,West Champaran,2025-09-02,180,228,5
Bihar,West Champaran,2025-09-03,112,241,15
Bihar,West Champaran,2025-09-04,105,218,4
Bihar,West Champaran,2025-09-05,48,94,4
Bihar,West Champaran,2025-09-06,96,197,3
Bihar,West Champaran,2025-09-07,39,58,4
Bihar,West Champaran,2025-09-08,164,218,7
Bihar,West Champaran,2025-09-09,138,226,4
Bihar,West Champaran,2025-09-10,144,174,9
Bihar,West Champaran,2025-09-11,81,163,7
Bihar,West Champaran,2025-09-12,123,153,3
Bihar,West Champaran,2025-09-13,93,129,2
Bihar,West Champaran,2025-09-14,42,36,3
Bihar,West Champaran,2025-09-15,94,107,4
Bihar,West Champaran,2025-09-16,80,110,3
Bihar,West Champaran,2025-09-17,62,79,2
Bihar,West Champaran,2025-09-18,81,178,10
Bihar,West Champaran,2025-09-19,69,103,3
Bihar,West Champaran,2025-09-20,59,122,6
Bihar,West Champaran,2025-09-21,2,16,4
Bihar,West Champaran,2025-09-22,78,94,4
Bihar,West Champaran,2025-09-23,99,134,4
Bihar,West Champaran,2025-09-24,79,140,3
Bihar,West Champaran,2025-09-25,81,101,1
Bihar,West Champaran,2025-09-26,67,74,2
Bihar,West Champaran,2025-09-27,22,51,2
Bihar,West Champaran,2025-09-28,3,34,4
Bihar,West Champaran,2025-09-29,3,24,2
Bihar,West Champaran,2025-09-30,1,15,4
Bihar,West Champaran,2025-10-13,151,287,13
Bihar,West Champaran,2025-10-15,95,221,22
Bihar,West Champaran,2025-10-16,53,181,28
Bihar,West Champaran,2025-10-17,190,218,7
Bihar,West Champaran,2025-10-18,131,242,6
Bihar,West Champaran,2025-10-19,129,234,9
Bihar,West Champaran,2025-10-20,28,85,2
Bihar,West Champaran,2025-10-21,10,37,4
Bihar,West Champaran,2025-10-23,2,1,0
Bihar,West Champaran,2025-10-24,59,143,24
Bihar,West Champaran,2025-10-25,78,140,6
Bihar,West Champaran,2025-10-26,50,191,5
Bihar,West Champaran,2025-10-27,20,131,10
Bihar,West Champaran,2025-10-28,50,64,5
Bihar,West Champaran,2025-10-29,26,33,2
Bihar,West Champaran,2025-10-30,85,92,4
Bihar,West Champaran,2025-10-31,92,161,9
Bihar,West Champaran,2025-11-01,14,71,3
Bihar,West Champaran,2025-11-02,114,142,1
Bihar,West Champaran,2025-11-03,42,93,7
Bihar,West Champaran,2025-11-04,1,2,1
Bihar,West Champaran,2025-11-05,164,321,14
Bihar,West Champaran,2025-11-06,76,230,12
Bihar,West Champaran,2025-11-07,56,162,8
Bihar,West Champaran,2025-11-08,78,173,15
Bihar,West Champaran,2025-11-09,65,98,3
Bihar,West Champaran,2025-11-10,101,187,11
Bihar,West Champaran,2025-11-11,38,88,1
Bihar,West Champaran,2025-11-12,20,101,6
Bihar,West Champaran,2025-11-13,13,85,5
Bihar,West Champaran,2025-11-14,26,98,6
Bihar,West Champaran,2025-11-15,156,214,6
Bihar,West Champaran,2025-11-16,62,161,5
Bihar,West Champaran,2025-11-17,34,61,3
Bihar,West Champaran,2025-11-18,106,129,17
Bihar,West Champaran,2025-11-19,240,234,5
Bihar,West Champaran,2025-11-25,64,131,6
Bihar,West Champaran,2025-12-15,367,385,2
Bihar,West Champaran,2025-12-21,62,1,0
Bihar,West Champaran,2025-12-22,398,10,0
Bihar,West Champaran,2025-12-23,96,1,0
Bihar,West Champaran,2025-12-24,112,213,4
Bihar,West Champaran,2025-12-25,71,433,5
Bihar,West Champaran,2025-12-26,126,265,1
Bihar,West Champaran,2025-12-27,78,265,5
Bihar,West Champaran,2025-12-28,82,255,2
Bihar,West Champaran,2025-12-29,89,173,5
Bihar,West Champaran,2025-12-31,159,706,32
Bihar,West Champaran,2026-01-01,201,425,15
Bihar,West Champaran,2026-01-02,93,249,12
Bihar,West Champaran,2026-01-03,8,57,1
